Regions,Target'000,,,,,,,,,,,,,,,,,,,,,,,,,,,,,,,,,,,,,,,,,,,,,,,,,,,,,,,,,,,,,,,,,,,,,,,,,,,,
,Universe,Universe HH,A,B,CDE,ABC,Male,Female,2-12,2-14,13-21,15-21,22-30,31-40,41-50,51-60,61+,MF 15-30 CDE,MF 15-30 ABCDE,MF 15-30 A,MF 2-14 AB,MF 15-40 AB,MF 15-30 AB,MF 13-21 AB,MF 2-40 AB,MF 13-21 A,F 22-50 AB,F 22-50 A,F 22-40 AB,MF 15-40 ABCDE,MF 13-21 ABCDE,15-30,F 22-40 ABC,MF 22-40 AB,MF 13-21 ABC,F 22-40 BCDE,F 22-40 A,MF 13-21 BCDE,MF 13-21 CDE,MF 31-50 AB,MF 15-30 ABC,MF 15-21 ABC,MF 2-40 ABC,MF 2-14 ABC,MF 22+ ABC,F 15-21 A,F 22-30 A,F 21-40 A,F 41-50 A,F 51-60 A,F 61+ A,M 15-21 A,M 22-30 A,M 31-40 A,M 41-50 A,M 51-60 A,M 61+ A,MF 15-21 AB,MF 22-30 AB,MF 31-40 AB,MF 41-50 AB,MF 51-60 AB,MF 61+ AB,F 15-21 AB,F 22-30 AB,F 31-40 AB,F 41-50 AB,F 51-60 AB,F 61+ AB,M 15-21 AB,M 22-30 AB,M 31-40 AB,M 41-50 AB,M 51-60 AB,M 61+ AB,F 2-40 A,F 22+ ABC
India,"888,491.70","210,207.89","230,158.25","282,166.90","376,166.55","805,853.59","454,764.96","433,726.74","174,935.34","227,284.67","180,207.67","127,858.34","157,855.90","139,630.96","103,478.49","67,480.61","64,902.72","129,669.90","285,714.24","68,797.59","126,719.60","239,709.82","156,044.34","92,209.16","366,429.42","35,976.29","115,011.18","53,100.17","84,943.77","425,345.21","180,207.67","285,714.24","135,226.10","174,140.90","158,984.66","108,405.08","39,657.64","144,231.39","87,998.52","147,327.89","259,407.28","112,463.87","591,123.94","204,355.71","394,524.86","11,927.08","20,930.80","18,726.85","13,442.53","10,287.07","10,322.97","14,308.36","21,631.36","20,433.65","15,007.83","9,507.44","10,166.68","65,568.91","90,475.42","83,665.48","63,662.41","41,935.15","40,298.18","30,675.13","44,226.66","40,717.10","30,067.41","21,342.25","20,682.29","34,893.78","46,248.76","42,948.38","33,595.00","20,592.90","19,615.89","76,039.25","241,221.21"
Pun / Har / Cha / HP / J&K,n.a,n.a,n.a,n.a,n.a,n.a,n.a,n.a,n.a,n.a,n.a,n.a,n.a,n.a,n.a,n.a,n.a,n.a,n.a,n.a,n.a,n.a,n.a,n.a,n.a,n.a,n.a,n.a,n.a,n.a,n.a,n.a,n.a,n.a,n.a,n.a,n.a,n.a,n.a,n.a,n.a,n.a,n.a,n.a,n.a,n.a,n.a,n.a,n.a,n.a,n.a,n.a,n.a,n.a,n.a,n.a,n.a,n.a,n.a,n.a,n.a,n.a,n.a,n.a,n.a,n.a,n.a,n.a,n.a,n.a,n.a,n.a,n.a,n.a,n.a,n.a,n.a
UP/Uttarakhand,"88,368.41","16,986.58","26,896.01","27,449.66","34,022.74","80,934.57","46,382.80","41,985.61","19,760.60","25,792.53","20,083.56","14,051.62","15,783.17","11,850.71","9,089.59","5,972.76","5,828.03","12,079.68","29,834.80","8,436.65","14,985.51","25,175.75","17,755.12","10,766.47","40,161.26","4,664.56","10,512.35","5,264.13","8,062.49","41,685.51","20,083.56","29,834.80","12,169.10","17,323.66","17,465.08","9,318.31","4,039.02","15,418.99","9,317.09","13,287.59","27,056.22","12,317.28","61,640.68","23,554.11","36,942.46","1,492.99","2,294.02","1,745.00","1,225.11","1,219.91","1,236.06","1,972.62","2,677.02","1,977.49","1,811.75",976.31,"1,356.34","7,852.09","9,903.03","7,420.63","5,866.95","4,087.59","4,229.87","3,514.56","4,520.25","3,542.24","2,449.86","2,127.81","2,071.60","4,337.53","5,382.78","3,878.39","3,417.10","1,959.79","2,158.26","8,661.43","21,334.93"
Rajasthan,"43,679.13","9,131.29","11,936.52","16,543.42","15,199.19","41,857.99","22,855.43","20,823.71","9,615.79","12,634.72","9,422.54","6,403.61","7,613.15","6,832.26","5,071.03","2,852.54","2,271.82","4,996.62","14,016.76","3,606.62","8,036.75","13,626.19","9,020.14","5,938.41","21,662.93","2,139.82","6,160.70","2,711.44","4,635.92","20,849.02","9,422.54","14,016.76","6,678.37","9,561.65","8,889.35","4,947.59","2,043.45","7,282.73","3,484.13","8,054.89","13,647.19","6,082.60","31,893.37","11,827.80","18,990.19",636.11,953.66,"1,089.79",668.00,466.68,415.58,822.10,"1,194.76",938.68,812.85,365.91,329.25,"4,064.54","4,955.60","4,606.05","3,448.84","1,848.91","1,519.25","1,793.13","2,179.20","2,456.72","1,524.79","1,029.01",813.46,"2,271.40","2,776.40","2,149.33","1,924.06",819.90,705.79,"4,013.05","11,716.67"
Delhi,"26,073.52","5,576.18","15,058.71","6,309.32","4,705.49","25,585.20","13,808.10","12,265.41","4,956.10","6,292.36","5,024.01","3,687.75","5,022.38","4,505.32","3,145.59","1,880.57","1,539.56","1,743.31","8,710.13","4,759.77","4,879.33","10,712.37","6,966.82","3,792.80","15,591.70","2,403.44","4,994.42","3,596.44","3,687.58","13,215.45","5,024.01","8,710.13","4,469.69","7,835.05","4,851.69","1,836.73","2,700.26","2,620.57","1,231.21","6,505.23","8,534.46","3,581.34","19,090.88","6,101.00","12,813.51",850.02,"1,369.59","1,330.67",896.18,569.33,485.21,"1,052.62","1,487.53","1,454.84","1,059.37",623.07,516.05,"2,877.33","4,089.49","3,745.55","2,759.68","1,634.50","1,382.14","1,330.98","1,915.13","1,772.45","1,306.85",785.57,670.94,"1,546.34","2,174.37","1,973.10","1,452.83",848.93,711.20,"5,086.85","7,568.06"
Assam / North East / Sikkim,"30,844.01","6,777.46","4,566.76","7,737.18","18,540.06","24,754.46","16,145.38","14,698.63","6,528.18","8,271.35","6,458.15","4,714.98","5,494.06","4,941.52","3,536.84","2,060.72","1,824.55","6,485.89","10,209.04","1,328.05","2,994.71","5,998.94","3,723.15","2,259.67","8,993.65",n.a,"2,722.34",941.69,"2,050.04","15,150.56","6,458.15","10,209.04","4,097.67","4,328.85","4,818.68","4,315.60",735.63,"5,711.93","4,198.47","3,748.49","8,063.21","3,564.68","18,564.80","6,350.54","11,951.45",n.a,n.a,n.a,n.a,n.a,n.a,n.a,n.a,n.a,n.a,n.a,n.a,"1,670.09","2,053.06","2,275.79","1,472.70",887.75,949.85,639.31,"1,043.45","1,006.59",672.30,465.60,461.05,n.a,"1,009.61","1,269.20",800.41,422.15,488.80,"1,468.09","7,047.13"
Odisha,"27,782.43","6,766.93","5,644.23","8,774.68","13,363.52","24,412.28","13,379.15","14,403.28","5,612.41","7,255.88","5,128.65","3,485.18","5,430.00","4,202.49","3,238.06","2,241.84","1,928.97","4,609.32","8,915.18","1,645.57","3,587.67","6,552.39","4,305.86","2,515.61","10,140.06",782.14,"3,365.90","1,332.62","2,461.82","13,117.68","5,128.65","8,915.18","4,368.71","4,821.51","4,373.68","3,910.79","1,009.64","4,346.52","2,613.05","4,071.29","7,894.50","3,012.83","17,774.05","6,175.80","12,339.89",n.a,566.25,443.38,322.98,254.91,308.41,n.a,518.98,453.39,349.88,306.91,280.66,"1,730.88","2,574.99","2,246.53","1,824.77","1,313.84","1,140.24",890.67,"1,320.28","1,141.54",904.09,554.91,660.98,840.20,"1,254.71","1,104.99",920.68,758.93,479.26,"1,934.75","7,758.79"
West Bengal,"60,068.99","15,289.47","8,419.14","15,278.93","36,370.92","51,234.56","31,453.77","28,615.22","10,577.81","13,570.51","11,693.14","8,700.44","10,503.22","10,373.25","7,390.16","4,935.85","4,595.56","12,361.73","19,203.66","2,233.11","4,855.05","10,807.21","6,841.93","3,744.40","15,662.26","1,081.39","5,200.84","1,872.53","3,829.74","29,576.91","11,693.14","19,203.66","8,972.12","7,969.74","9,570.46","9,166.20","1,355.10","10,611.75","7,948.74","7,076.50","16,144.44","7,036.53","36,398.46","11,379.43","26,473.65",n.a,741.31,613.79,517.42,443.52,557.55,504.50,662.99,847.90,542.52,507.51,611.10,"2,837.48","4,004.45","3,965.28","3,111.22","2,392.44","2,532.15","1,179.79","1,998.37","1,831.37","1,371.10","1,033.24","1,272.19","1,657.68","2,006.08","2,133.91","1,740.11","1,359.20","1,259.96","2,391.22","15,495.22"
Guj / D&D / DNH,"58,623.79","12,918.00","14,903.74","20,022.20","23,697.85","53,615.77","30,474.81","28,148.98","12,033.18","15,610.44","12,874.53","9,297.28","10,370.53","9,046.69","6,714.90","4,125.82","3,458.13","8,547.23","19,667.81","4,564.96","8,428.73","16,885.76","11,120.58","6,906.63","25,314.49","2,666.89","8,063.35","3,470.21","5,817.20","28,714.51","12,874.53","19,667.81","8,777.16","11,876.38","11,410.89","7,026.91","2,462.13","10,207.64","5,967.90","10,234.24","17,670.79","8,083.28","40,405.39","14,312.48","24,997.85",916.59,"1,182.32","1,279.81","1,008.08",672.60,774.93,"1,099.94","1,366.11","1,260.48","1,020.17",667.19,543.04,"5,009.38","6,111.20","5,765.18","4,469.06","2,774.16","2,368.23","2,456.33","2,938.22","2,878.98","2,246.15","1,454.93","1,390.27","2,553.05","3,172.98","2,886.20","2,222.91","1,319.23",977.96,"4,813.62","15,678.75"
Mah / Goa,"109,451.66","25,462.59","31,373.99","38,059.14","40,018.53","100,857.26","56,903.14","52,548.52","20,506.41","26,303.30","22,172.20","16,375.31","19,170.15","17,491.59","12,867.58","8,459.59","8,784.15","15,278.31","35,545.45","9,155.43","16,714.93","31,956.12","20,267.14","12,166.00","48,671.05","4,883.36","15,229.63","7,090.61","11,084.35","53,037.04","22,172.20","35,545.45","16,420.01","23,206.73","20,092.93","12,611.73","5,223.70","17,288.84","10,006.21","20,535.41","32,766.55","14,808.01","72,985.87","24,063.56","50,047.12","1,529.07","2,672.80","2,550.90","1,866.91","1,384.04","1,536.92","2,041.82","2,911.74","2,956.55","2,127.19","1,355.49","1,383.42","8,749.38","11,517.76","11,688.97","8,846.44","5,949.16","5,966.49","3,904.82","5,593.75","5,490.59","4,145.28","2,993.81","3,153.91","4,844.56","5,924.01","6,198.38","4,701.15","2,955.35","2,812.58","9,703.79","30,069.93"
AP / Telangana,"89,749.64","24,572.30","13,291.78","26,062.91","50,394.96","79,274.29","44,116.77","45,632.87","15,119.63","20,260.42","18,586.39","13,445.61","16,435.62","14,543.28","10,436.86","6,994.80","7,633.05","17,600.47","29,881.23","4,104.27","9,643.12","19,009.46","12,280.75","7,009.92","28,652.59","1,944.28","9,281.62","3,205.26","6,950.85","44,424.51","18,586.39","29,881.23","14,282.61","14,298.22","16,241.96","13,526.47","2,474.18","16,642.11","11,576.47","11,384.81","26,653.96","11,673.18","57,712.01","18,111.13","40,172.47",780.29,"1,492.84",981.34,731.08,634.30,526.18,560.94,"1,270.20","1,375.99",741.08,452.91,500.77,"4,711.25","7,569.51","6,728.71","4,656.10","2,981.42","3,064.58","2,744.02","3,922.37","3,028.49","2,330.77","1,710.15","1,579.72","1,967.22","3,647.14","3,700.22","2,325.33","1,271.27","1,484.86","4,918.54","25,288.27"
Karnataka,"66,433.65","16,146.09","14,752.29","23,335.44","28,345.93","59,559.72","33,648.17","32,785.48","11,584.84","15,755.57","13,584.44","9,413.70","12,657.67","10,284.12","7,833.08","5,154.13","5,335.38","10,262.90","22,071.38","4,612.18","8,580.29","18,165.71","11,808.48","7,005.58","26,746.00","2,371.85","8,412.96","3,485.70","6,303.96","32,355.50","13,584.44","22,071.38","10,356.29","13,196.29","11,930.90","8,845.01","2,655.29","11,212.59","6,578.86","11,009.45","19,793.19","8,294.63","43,026.99","13,830.93","30,405.50",798.96,"1,504.02","1,151.27",830.41,632.97,716.74,873.97,"1,435.22","1,366.10",969.00,609.96,688.85,"4,969.42","6,839.06","6,357.23","4,652.22","3,313.66","3,375.85","2,440.21","3,364.82","2,939.14","2,109.00","1,706.34","1,790.30","2,529.21","3,474.24","3,418.09","2,543.22","1,607.32","1,585.55","4,906.80","18,574.68"
Kerala,"32,395.33","8,593.44","11,769.97","12,072.31","8,553.05","31,450.74","15,554.52","16,840.81","5,385.66","6,851.48","4,751.64","3,285.82","4,836.58","5,189.84","4,858.65","3,572.12","3,800.84","1,887.61","8,122.40","3,137.02","5,077.31","10,310.89","6,234.80","3,480.43","15,388.20","1,418.92","6,032.76","3,052.79","4,201.21","13,312.25","4,751.64","8,122.40","5,281.23","7,909.70","4,622.36","3,050.31","2,310.98","3,332.72","1,271.21","7,525.62","7,952.10","3,185.03","19,723.76","6,665.17","16,899.22",n.a,"1,161.19","1,149.80",741.80,663.68,636.75,473.55,"1,002.20","1,125.39",681.36,463.86,641.57,"2,401.19","3,833.61","4,076.10","3,449.52","2,508.13","2,496.43","1,194.36","2,028.30","2,172.90","1,831.55","1,316.29","1,318.19","1,206.83","1,805.30","1,903.20","1,617.97","1,191.84","1,178.23","4,050.36","11,451.49"
TN/Pondicherry,"80,441.48","22,633.63","23,367.31","27,830.35","29,243.82","75,269.35","39,649.85","40,791.63","12,872.98","16,642.63","14,239.42","10,469.77","13,885.36","13,453.83","10,934.82","7,863.40","7,191.67","8,662.54","24,355.13","7,162.56","10,578.13","24,782.91","15,692.58","8,376.41","35,361.03","3,181.87","13,083.59","6,189.03","9,600.02","37,808.95","14,239.42","24,355.13","13,583.57","18,573.45","13,312.89","9,573.87","4,651.26","11,057.54","5,863.00","16,212.22","23,094.72","9,744.00","51,760.10","15,800.13","39,522.86","1,162.02","2,531.86","2,119.40","1,537.76","1,082.31",923.97,"1,192.21","2,276.47","2,248.87","1,580.91","1,069.92",922.66,"6,209.46","9,483.13","9,090.32","7,121.90","4,707.65","4,007.07","3,080.83","4,987.98","4,612.04","3,483.57","2,290.91","1,980.50","3,128.62","4,495.15","4,478.28","3,638.33","2,416.74","2,026.58","8,116.14","25,227.57"
Bihar/Jharkhand,"47,812.02","9,872.49","9,241.80","14,421.83","24,148.40","40,925.79","25,174.35","22,637.68","12,256.94","16,165.17","11,091.58","7,183.35","7,851.04","6,562.19","4,438.48","2,934.04","2,677.77","7,865.72","15,034.39","2,752.86","7,561.38","10,274.90","7,168.66","4,922.02","17,836.27","1,602.83","4,729.18","1,906.58","3,629.85","21,596.57","11,091.58","15,034.39","6,469.50","7,099.11","9,520.17","5,960.30","1,435.24","9,488.75","6,169.56","5,617.29","13,159.75","6,159.05","32,203.95","13,548.38","17,221.01",482.21,819.23,616.01,471.35,362.04,381.45,680.38,771.04,717.20,557.76,370.19,487.63,"3,175.79","3,992.87","3,106.23","2,511.05","1,632.08","1,684.22","1,428.29","2,095.89","1,533.95","1,099.33",763.76,743.28,"1,747.50","1,896.98","1,572.28","1,411.72",868.32,940.94,"3,075.20","10,460.98"
MP/Chhattisgarh,"66,633.85","16,405.86","11,538.20","19,969.88","35,125.76","57,477.46","33,452.12","33,181.73","15,967.54","20,824.22","13,914.48","9,057.80","11,934.00","10,783.89","7,015.35","3,849.65","3,168.94","12,310.19","20,991.80","3,151.59","9,605.90","13,972.49","8,681.61","5,392.36","23,578.39","1,677.08","6,919.86","2,661.82","5,069.41","31,775.69","13,914.48","20,991.80","9,684.63","10,577.03","11,061.82","9,171.91","1,928.58","12,237.40","8,522.12","9,356.39","18,148.42","6,841.88","45,344.73","18,206.39","26,362.66",508.71,992.73,935.85,733.24,511.36,438.30,636.51,"1,013.64","1,075.11",854.35,378.03,366.49,"3,395.46","5,286.14","5,290.88","4,065.51","2,175.49","1,688.71","1,508.66","2,529.67","2,539.74","1,850.45","1,248.30",925.68,"1,886.80","2,756.48","2,751.14","2,215.05",927.18,763.03,"3,820.12","16,005.46"
Pun/Cha,"29,433.63","6,580.70","13,086.57","9,206.69","7,140.38","29,051.43","15,533.49","13,900.14","5,486.34","6,744.00","5,466.04","4,208.37","5,138.38","4,628.51","3,637.41","2,343.09","2,733.87","2,613.36","9,346.75","3,619.18","5,055.22","10,301.67","6,733.39","3,930.06","15,356.89","2,033.27","5,139.98","3,091.73","3,646.79","13,975.27","5,466.04","9,346.75","4,726.32","7,349.88","5,359.65","2,603.49","2,157.91","3,432.76","1,535.98","6,454.52","9,233.01","4,146.69","20,424.13","6,604.38","14,698.92",704.88,"1,011.12","1,146.78",933.83,626.61,670.38,795.03,"1,108.15","1,044.22",820.17,614.34,706.76,"2,951.79","3,781.60","3,568.28","2,886.23","1,943.76","2,106.38","1,265.40","1,768.45","1,878.34","1,493.18",987.68,"1,005.46","1,686.40","2,013.14","1,689.94","1,393.05",956.07,"1,100.91","4,162.96","9,014.57"
Har/HP/J&K,"30,700.16","6,494.87","14,311.24","9,092.97","7,295.96","29,592.73","16,233.11","14,467.05","6,670.92","8,310.09","5,716.93","4,077.76","5,730.58","4,941.47","3,270.10","2,239.72","2,130.45","2,365.01","9,808.34","4,527.77","6,135.58","11,177.06","7,443.32","4,002.40","17,312.64","2,378.36","5,161.70","3,227.60","3,912.55","14,749.81","5,716.93","9,808.34","4,889.12","8,213.66","5,462.16","2,539.83","2,475.26","3,338.56","1,714.52","6,253.95","9,594.77","3,932.87","22,174.78","7,824.47","14,686.10",740.19,"1,277.31","1,197.96",752.33,561.11,530.07,987.66,"1,522.62","1,121.40",762.79,588.51,602.01,"2,963.40","4,479.93","3,733.73","2,520.22","1,784.62","1,786.72","1,303.75","2,020.54","1,892.02","1,249.15",873.94,844.76,"1,659.65","2,459.39","1,841.72","1,271.07",910.67,941.97,"4,916.32","8,528.71"
Kolkata,"13,862.11","3,541.61","3,466.40","3,886.00","6,509.70","12,700.90","6,984.68","6,877.43","2,027.71","2,589.53","2,182.12","1,620.31","2,446.70","2,518.19","2,029.34","1,263.87","1,394.17","2,176.72","4,067.01",816.78,"1,279.03","3,149.71","1,890.29",945.44,"4,428.74",n.a,"1,806.70",777.56,"1,239.18","6,585.20","2,182.12","4,067.01","2,283.55","2,430.95","1,899.16","1,988.34",523.33,"1,824.10","1,236.68","2,385.47","3,682.06","1,413.70","8,301.40","2,345.29","7,056.33",n.a,n.a,n.a,n.a,n.a,n.a,n.a,n.a,n.a,n.a,n.a,318.98,718.76,"1,171.53","1,259.42","1,126.05",772.43,"1,025.19",n.a,601.62,637.57,567.51,373.47,508.68,n.a,569.91,621.85,558.54,398.96,516.51,924.16,"4,398.73"
Mumbai,"21,962.79","5,299.09","9,519.24","7,591.34","4,852.20","21,562.70","11,939.72","10,023.07","3,337.86","4,263.40","4,333.91","3,408.37","4,343.09","3,815.50","2,758.89","1,865.00","1,508.54","2,212.04","7,751.46","3,128.70","3,311.93","8,616.45","5,539.42","3,030.09","11,928.38","1,522.19","3,952.73","2,224.53","2,835.74","11,566.96","4,333.91","7,751.46","3,697.74","6,204.99","4,242.35","2,132.94","1,618.19","2,811.72","1,303.81","5,362.66","7,571.94","3,349.31","15,532.77","4,192.65","11,295.70",n.a,805.72,812.47,606.34,442.21,383.53,773.59,"1,091.93",913.01,705.73,403.57,453.65,"2,411.46","3,127.96","3,077.03","2,285.63","1,576.97","1,319.60",919.83,"1,389.84","1,445.90","1,116.99",755.64,645.01,"1,491.62","1,738.12","1,631.13","1,168.64",821.32,674.59,"2,858.55","6,587.75"
Hyderabad,"9,362.74","2,385.91","3,537.56","2,807.63","3,017.55","8,835.77","4,720.92","4,641.82","1,717.90","2,149.21","1,793.28","1,361.96","1,909.17","1,590.24","1,036.84",642.53,672.77,"1,213.27","3,271.14","1,104.83","1,501.77","3,199.89","2,057.86","1,077.63","4,701.67",n.a,"1,549.16",845.44,"1,183.17","4,861.37","1,793.28","3,271.14","1,667.80","2,393.34","1,704.92","1,096.86",669.96,"1,243.34",715.66,"1,901.12","3,084.90","1,291.69","6,648.90","2,042.24","4,514.47",n.a,n.a,n.a,n.a,n.a,n.a,n.a,n.a,n.a,n.a,n.a,n.a,806.56,"1,251.31","1,142.03",759.09,457.25,427.17,n.a,n.a,511.13,366.00,n.a,n.a,n.a,579.27,630.90,393.10,n.a,n.a,"1,233.76","2,750.76"
Bangalore,"10,994.02","3,107.97","4,977.26","3,297.21","2,719.55","10,567.92","5,707.63","5,286.39","1,620.31","2,166.84","1,951.26","1,404.73","2,529.71","2,056.08","1,276.21",820.64,739.81,"1,195.90","3,934.44","1,671.35","1,649.91","4,312.88","2,738.54","1,392.21","5,962.80",785.68,"2,028.02","1,269.54","1,552.58","5,990.52","1,951.26","3,934.44","2,084.76","3,316.79","1,817.99","1,224.27",955.32,"1,165.58",n.a,"2,592.65","3,782.30","1,327.60","7,840.95","2,079.45","5,934.22",n.a,n.a,408.79,314.21,n.a,n.a,n.a,n.a,503.63,307.10,n.a,n.a,996.09,"1,742.45","1,574.35","1,018.30",693.43,599.94,444.84,852.28,700.30,475.44,333.84,299.00,551.25,890.17,874.05,542.86,359.59,n.a,"1,702.32","3,404.33"
Chennai,"10,100.54","2,889.75","5,205.96","2,831.40","2,063.19","9,806.01","5,012.97","5,087.57","1,527.66","1,963.50","1,665.31","1,229.48","1,864.21","1,809.54","1,321.14","1,081.57",831.10,585.23,"3,093.69","1,597.58","1,564.55","3,998.09","2,508.46","1,204.89","5,562.63",671.30,"2,123.83","1,401.98","1,583.54","4,903.23","1,665.31","3,093.69","1,889.10","3,122.46","1,618.84",821.88,"1,103.37",994.01,n.a,"2,572.92","3,016.76","1,183.01","6,750.93","1,946.09","5,418.91",n.a,n.a,516.95,n.a,n.a,n.a,n.a,539.92,521.93,372.17,n.a,n.a,875.62,"1,632.84","1,489.62","1,083.30",800.05,591.38,407.38,847.99,735.55,540.29,333.19,282.13,468.24,784.85,754.07,543.01,466.86,309.25,"1,825.10","3,343.59"
UP/Uttarakhand - 10-75L,"10,883.25","2,137.12","4,512.75","3,026.93","3,343.57","10,355.68","5,858.94","5,024.31","2,223.25","2,866.17","2,249.04","1,606.12","1,984.96","1,633.25","1,217.89",807.18,767.68,"1,138.14","3,591.08","1,346.38","1,868.11","3,551.68","2,452.94","1,416.12","5,419.79",767.38,"1,552.98",912.12,"1,181.80","5,224.33","2,249.04","3,591.08","1,669.32","2,534.90","1,980.40","1,047.43",693.75,"1,481.66",832.92,"1,945.96","3,398.28","1,426.68","7,675.14","2,721.65","5,052.09",n.a,358.66,n.a,n.a,n.a,n.a,n.a,441.79,n.a,n.a,n.a,n.a,"1,016.78","1,436.15","1,098.75",847.22,649.33,623.34,417.33,641.52,540.28,371.17,338.77,319.30,599.45,794.63,558.46,476.04,310.56,304.04,"1,355.58","2,978.56"
Guj / D&D / DNH - 10-75L,"16,101.78","3,700.97","6,047.26","5,530.08","4,524.44","15,365.31","8,547.65","7,554.13","2,739.36","3,549.28","3,445.58","2,635.66","2,945.35","2,669.40","1,962.89","1,258.29","1,080.92","1,795.09","5,581.00","1,839.15","2,380.59","5,747.92","3,785.92","2,147.09","8,128.51",979.09,"2,710.00","1,380.70","1,936.98","8,250.40","3,445.58","5,581.00","2,604.95","4,138.13","3,159.15","1,726.97",980.11,"2,466.50","1,298.50","3,517.09","5,264.11","2,385.84","11,162.33","3,351.11","7,727.11",n.a,446.11,534.01,400.59,270.23,322.41,418.97,635.44,550.91,413.13,311.30,272.56,"1,609.79","2,176.12","1,962.01","1,555.08","1,013.04",880.71,766.37,966.06,970.93,773.02,500.39,455.61,843.43,"1,210.07",991.08,782.06,512.65,425.10,"1,789.51","4,685.21"
Mah / Goa - 10-75L,"11,263.45","2,793.94","4,610.66","3,845.14","2,807.66","10,999.18","5,661.76","5,601.69","2,024.69","2,566.25","1,992.78","1,451.22","2,126.27","2,086.93","1,389.25",861.50,782.03,"1,130.63","3,577.49","1,360.68","1,997.33","4,032.95","2,446.86","1,288.06","6,030.28",618.11,"2,105.70","1,226.51","1,564.55","5,664.42","1,992.78","3,577.49","2,058.39","3,136.41","1,925.60","1,201.53",923.72,"1,374.67",n.a,"2,700.76","3,467.85","1,384.04","8,079.68","2,566.25","5,678.90",n.a,471.20,452.52,n.a,n.a,n.a,n.a,n.a,459.17,n.a,n.a,n.a,896.54,"1,550.32","1,586.09","1,114.67",715.75,595.09,383.06,796.78,767.78,541.14,370.30,316.99,513.49,753.54,818.31,573.53,345.46,278.10,"1,552.25","3,525.89"
Kerala - 10-75L,"11,851.00","3,007.98","4,749.56","4,610.33","2,491.11","11,714.69","5,666.01","6,184.99","1,973.23","2,539.36","1,800.93","1,234.79","1,794.51","1,922.87","1,642.06","1,266.83","1,450.58",n.a,"3,029.30","1,244.69","2,025.30","4,019.81","2,424.38","1,342.20","6,045.11",574.15,"2,296.76","1,150.22","1,620.29","4,952.17","1,800.93","3,029.30","1,988.11","3,071.20","1,770.70","1,156.63",846.26,"1,226.78",n.a,"2,868.23","3,006.48","1,211.97","7,429.98","2,531.96","6,347.67",n.a,n.a,n.a,n.a,274.21,262.66,n.a,n.a,429.41,n.a,n.a,316.13,948.61,"1,475.77","1,595.43","1,272.80",952.43,"1,089.55",n.a,752.68,867.61,676.47,486.28,523.40,518.59,723.09,727.82,596.32,466.15,566.15,"1,631.33","4,220.44"
MP/Chhattisgarh - 10-75L,"9,388.80","2,212.99","2,995.93","3,071.03","3,321.85","8,683.18","4,866.19","4,522.62","1,812.74","2,399.73","1,974.68","1,387.70","1,793.97","1,504.08","1,120.34",660.30,522.70,"1,346.65","3,181.66",821.96,"1,465.65","2,859.35","1,835.01","1,048.80","4,325.00",461.26,"1,467.80",722.85,"1,058.90","4,685.74","1,974.68","3,181.66","1,553.10","2,118.37","1,742.85","1,112.23",505.44,"1,513.42",925.88,"1,839.80","2,886.39","1,208.33","6,476.30","2,184.35","4,216.94",n.a,n.a,n.a,n.a,n.a,n.a,n.a,n.a,n.a,n.a,n.a,n.a,740.98,"1,094.03","1,024.34",815.46,520.47,406.03,361.24,543.70,515.20,408.90,n.a,n.a,n.a,550.33,509.15,406.56,250.71,n.a,957.08,"2,656.70"
UP/Uttarakhand - Below 10L Urban,"23,866.38","4,621.67","8,370.76","6,581.24","8,914.39","21,807.13","12,464.05","11,402.34","5,058.17","6,493.56","5,511.91","4,076.52","4,255.04","3,482.40","2,568.17","1,553.60","1,437.10","3,459.44","8,331.56","2,593.53","3,754.47","7,129.68","4,872.12","2,996.13","10,884.15","1,482.95","3,173.75","1,791.65","2,330.73","11,813.96","5,511.91","8,331.56","3,416.88","4,869.89","4,908.67","2,402.31","1,320.24","4,028.96","2,515.78","4,064.53","7,489.96","3,585.00","16,569.06","5,864.25","9,964.88",465.45,689.94,630.30,471.41,396.85,330.18,664.72,773.42,663.75,552.62,310.23,468.82,"2,259.79","2,612.33","2,257.56","1,806.97","1,150.11","1,110.77",952.31,"1,216.68","1,114.05",843.02,591.13,482.00,"1,307.48","1,395.65","1,143.51",963.95,558.98,628.77,"2,707.59","5,938.87"
Guj / D&D / DNH - Below 10L Urban,"12,765.29","2,891.71","3,575.38","4,449.46","4,740.45","11,885.15","6,678.73","6,086.56","2,212.83","2,837.29","2,697.89","2,073.43","2,716.09","2,038.25","1,412.09",878.23,809.91,"2,063.95","4,789.52","1,142.69","1,741.13","4,118.87","2,725.57","1,539.61","5,860.00",668.85,"1,967.32",893.89,"1,470.65","6,827.77","2,697.89","4,789.52","2,148.17","2,982.35","2,472.59","1,612.12",677.60,"2,029.03","1,158.28","2,388.95","4,434.43","1,889.74","8,995.67","2,645.33","6,016.25",n.a,n.a,331.69,n.a,n.a,n.a,n.a,n.a,312.67,n.a,n.a,n.a,"1,136.52","1,589.04","1,393.30",995.65,617.28,551.90,502.17,803.33,667.32,496.67,313.15,297.69,634.35,785.71,725.98,498.98,304.13,254.22,"1,238.42","3,586.26"
Mah / Goa - Below 10L Urban,"22,048.41","4,933.34","6,715.95","7,299.43","8,033.02","20,295.59","11,255.17","10,793.23","3,959.18","5,158.34","4,280.93","3,081.77","4,120.32","3,590.50","2,794.50","1,651.97","1,651.01","3,132.14","7,202.08","1,965.22","3,260.69","6,362.84","4,069.94","2,373.83","9,623.52","1,065.41","3,332.48","1,627.94","2,344.71","10,792.59","4,280.93","7,202.08","3,531.35","4,711.02","3,790.28","2,717.38","1,139.95","3,215.52","1,907.10","4,270.38","6,584.32","2,704.98","14,638.42","4,753.89","10,259.45",n.a,631.54,508.41,487.99,276.01,296.52,414.91,564.23,609.67,467.99,314.15,284.82,"1,651.81","2,418.13","2,292.89","1,977.48","1,229.17","1,185.21",764.44,"1,243.05","1,101.66",987.77,596.64,607.71,887.38,"1,175.08","1,191.24",989.71,632.53,577.49,"2,223.19","6,315.98"
Karnataka - Below 10L Urban,"16,711.53","3,997.30","4,365.58","5,559.49","6,786.47","15,194.03","8,397.53","8,314.00","2,935.82","3,902.86","3,364.57","2,397.53","3,111.76","2,676.09","2,070.20","1,375.70","1,177.37","2,604.60","5,509.29","1,291.56","2,309.24","4,553.96","2,904.69","1,613.88","6,863.21",602.56,"2,394.23","1,111.30","1,763.38","8,185.39","3,364.57","5,509.29","2,664.17","3,443.64","2,957.57","2,111.31",843.77,"2,762.01","1,750.68","2,968.99","4,892.91","2,062.51","10,914.37","3,582.64","7,635.45",n.a,495.34,348.43,267.53,n.a,n.a,n.a,389.20,349.47,296.36,n.a,232.42,"1,110.32","1,794.37","1,649.27","1,319.71",934.69,807.46,595.56,959.11,804.26,630.86,466.98,404.53,514.76,835.26,845.01,688.85,467.71,402.93,"1,516.07","4,773.69"
Kerala - Below 10L Urban,"4,146.70","1,107.02","1,489.02","1,748.03",909.65,"4,114.29","1,945.76","2,200.93",675.96,869.72,715.16,521.40,506.61,630.41,645.85,467.54,505.18,n.a,"1,028.01",368.71,752.57,"1,289.73",795.06,548.95,"2,042.30",n.a,804.24,367.58,518.40,"1,658.42",715.16,"1,028.01",649.36,920.68,715.16,397.53,n.a,502.31,n.a,990.49,"1,028.01",521.40,"2,524.42",869.72,"2,084.53",n.a,n.a,n.a,n.a,n.a,n.a,n.a,n.a,n.a,n.a,n.a,n.a,n.a,426.01,494.67,495.82,368.15,330.78,n.a,n.a,n.a,n.a,175.14,167.16,n.a,n.a,n.a,n.a,n.a,163.62,490.24,"1,482.02"
MP/Chhattisgarh - Below 10L Urban,"16,193.45","3,710.54","4,481.94","4,493.61","7,217.90","14,531.92","8,222.56","7,970.89","3,023.07","3,824.66","3,364.55","2,562.97","3,131.87","2,660.52","1,921.94","1,179.36",912.14,"2,920.55","5,694.84","1,286.97","1,962.87","4,295.03","2,774.29","1,612.58","6,257.91",730.54,"2,079.18","1,046.73","1,465.17","8,355.35","3,364.55","5,694.84","2,493.40","3,087.62","2,946.77","2,061.78",752.64,"2,634.02","1,751.97","2,818.32","4,968.43","2,203.76","10,894.35","3,524.99","7,046.95",n.a,365.47,387.17,294.08,n.a,n.a,335.77,370.03,416.09,348.71,n.a,n.a,"1,207.41","1,566.88","1,520.74","1,297.58",785.25,634.81,503.50,715.00,750.17,614.01,375.13,333.78,703.91,851.87,770.58,683.57,410.12,301.03,"1,438.17","4,293.14"
Pun / Har / Cha / HP / J&K - Rural,n.a,n.a,n.a,n.a,n.a,n.a,n.a,n.a,n.a,n.a,n.a,n.a,n.a,n.a,n.a,n.a,n.a,n.a,n.a,n.a,n.a,n.a,n.a,n.a,n.a,n.a,n.a,n.a,n.a,n.a,n.a,n.a,n.a,n.a,n.a,n.a,n.a,n.a,n.a,n.a,n.a,n.a,n.a,n.a,n.a,n.a,n.a,n.a,n.a,n.a,n.a,n.a,n.a,n.a,n.a,n.a,n.a,n.a,n.a,n.a,n.a,n.a,n.a,n.a,n.a,n.a,n.a,n.a,n.a,n.a,n.a,n.a,n.a,n.a,n.a,n.a,n.a
UP/Uttarakhand - Rural,"53,618.78","10,227.80","14,012.51","17,841.49","21,764.78","48,771.76","28,059.82","25,558.96","12,479.18","16,432.80","12,322.61","8,368.99","9,543.17","6,735.06","5,303.53","3,611.97","3,623.26","7,482.10","17,912.16","4,496.75","9,362.93","14,494.39","10,430.06","6,354.21","23,857.32","2,414.24","5,785.62","2,560.37","4,549.96","24,647.22","12,322.61","17,912.16","7,082.90","9,918.87","10,576.01","5,868.57","2,025.03","9,908.37","5,968.39","7,277.09","16,167.98","7,305.60","37,396.48","14,968.21","21,925.49",801.18,"1,245.42",779.60,535.34,597.38,657.74,988.33,"1,461.82",991.58,974.95,461.10,660.95,"4,575.51","5,854.55","4,064.33","3,212.77","2,288.15","2,495.76","2,144.92","2,662.05","1,887.91","1,235.67","1,197.90","1,270.31","2,430.59","3,192.50","2,176.42","1,977.10","1,090.25","1,225.45","4,598.27","12,417.50"
Rajasthan - Rural,"27,544.48","5,773.14","6,204.00","11,298.24","10,042.25","26,506.31","14,692.30","12,852.18","6,424.99","8,334.98","5,763.29","3,853.30","4,704.56","4,312.14","3,203.53","1,721.01","1,414.96","3,156.36","8,557.86","1,790.27","5,277.80","8,224.22","5,401.50","3,579.94","13,502.01","1,054.52","3,589.37","1,332.10","2,741.98","12,870.00","5,763.29","8,557.86","3,997.22","5,807.79","5,488.73","3,188.38","1,020.86","4,708.77","2,183.35","4,904.46","8,397.43","3,692.87","20,310.67","7,871.79","11,821.32",n.a,n.a,596.27,n.a,n.a,n.a,n.a,644.95,498.20,n.a,n.a,n.a,"2,416.43","2,985.07","2,822.72","2,081.74","1,025.14",893.34,"1,033.55","1,194.71","1,547.27",847.38,601.75,498.91,"1,382.88","1,790.35","1,275.45","1,234.36",423.39,394.43,"2,055.10","7,134.12"
Assam / North East / Sikkim - Rural,"21,770.91","4,695.14","2,446.49","5,161.21","14,163.21","16,795.00","11,624.00","10,146.90","4,890.56","6,169.07","4,708.79","3,430.27","3,743.53","3,443.19","2,454.67","1,347.47","1,182.70","4,906.65","7,173.81",n.a,"1,952.02","3,754.11","2,267.15","1,433.87","5,706.13",n.a,"1,624.92",n.a,"1,211.63","10,616.99","4,708.79","7,173.81","2,584.31","2,684.26","3,360.64","2,987.69",n.a,"4,309.62","3,274.92","2,349.30","5,418.33","2,463.79","12,799.52","4,579.26","7,842.83",n.a,n.a,n.a,n.a,n.a,n.a,n.a,n.a,n.a,n.a,n.a,n.a,"1,069.85","1,197.30","1,486.96",862.34,472.57,566.66,n.a,n.a,n.a,n.a,n.a,n.a,n.a,n.a,n.a,n.a,n.a,n.a,759.88,"4,519.38"
Odisha - Rural,"21,370.12","5,226.91","3,198.30","6,980.13","11,191.68","18,550.04","10,126.12","11,244.00","4,559.72","5,887.91","3,916.63","2,588.44","4,189.01","3,107.60","2,431.71","1,692.75","1,472.70","3,819.37","6,777.45",874.71,"2,741.81","4,489.67","2,958.09","1,756.34","7,231.48",n.a,"2,299.35",684.72,"1,666.64","9,885.05","3,916.63","6,777.45","3,218.36","3,338.49","3,260.65","3,188.19",508.78,"3,491.94","2,160.29","2,770.10","5,916.89","2,184.28","13,571.09","4,966.07","9,254.96",n.a,n.a,n.a,n.a,n.a,n.a,n.a,n.a,n.a,n.a,n.a,n.a,"1,151.18","1,806.91","1,531.58","1,238.52",925.05,783.39,641.68,917.94,748.70,632.71,388.18,481.16,509.50,888.97,782.89,605.80,536.87,302.22,"1,095.09","5,848.23"
West Bengal - Rural,"31,579.37","8,211.34","2,407.92","7,698.29","21,473.16","25,858.87","16,884.44","14,694.93","6,026.23","7,740.34","6,995.08","5,280.98","5,456.42","5,344.02","3,405.44","2,377.00","1,975.19","7,455.75","10,737.39",769.75,"2,335.64","4,912.43","3,281.64","1,885.75","7,248.07",n.a,"1,961.55",501.64,"1,518.57","16,081.41","6,995.08","10,737.39","4,305.91","3,453.50","5,568.61","4,898.79",405.76,"6,609.47","5,109.33","2,758.36","8,714.24","4,110.98","19,339.11","6,274.17","12,695.25",n.a,n.a,n.a,n.a,n.a,n.a,n.a,n.a,n.a,n.a,n.a,n.a,"1,458.93","1,822.71","1,630.78","1,127.58",949.04,781.52,565.53,869.18,649.39,442.98,367.00,453.82,893.40,953.53,981.39,684.60,582.04,327.70,746.84,"7,025.53"
Guj / D&D / DNH - Rural,"29,756.72","6,325.33","5,281.10","10,042.66","14,432.96","26,365.31","15,248.43","14,508.29","7,080.99","9,223.86","6,731.06","4,588.19","4,709.10","4,339.05","3,339.92","1,989.29","1,567.30","4,688.19","9,297.29","1,583.12","4,307.01","7,018.97","4,609.10","3,219.94","11,325.98","1,018.95","3,386.03","1,195.61","2,409.57","13,636.34","6,731.06","9,297.29","4,024.05","4,755.90","5,779.15","3,687.82",804.42,"5,712.11","3,511.13","4,328.19","7,972.25","3,807.70","20,247.39","8,316.04","11,254.50",n.a,n.a,n.a,391.19,n.a,n.a,n.a,n.a,n.a,n.a,n.a,n.a,"2,263.07","2,346.03","2,409.87","1,918.32","1,143.83",935.62,"1,187.80","1,168.83","1,240.74",976.46,641.39,636.98,"1,075.27","1,177.20","1,169.13",941.86,502.45,298.64,"1,785.69","7,407.29"
Mah / Goa - Rural,"54,177.02","12,436.22","10,528.14","19,323.23","24,325.65","47,999.78","28,046.49","26,130.52","11,184.67","14,315.31","11,564.59","8,433.95","8,580.47","7,998.66","5,924.94","4,081.11","4,842.57","8,803.50","17,014.42","2,700.82","8,144.98","12,943.88","8,210.92","5,474.01","21,088.86","1,677.65","5,838.73","2,011.62","4,339.35","25,013.08","11,564.59","17,014.42","7,132.53","9,154.31","10,134.69","6,559.88","1,541.84","9,886.94","6,090.58","8,201.61","15,142.43","7,369.68","34,735.00","12,550.77","22,813.07",535.69,764.34,777.50,469.78,486.31,667.37,573.49,827.30,974.69,646.05,432.71,479.23,"3,789.57","4,421.35","4,732.96","3,468.65","2,427.27","2,866.59","1,837.50","2,164.09","2,175.26","1,499.38","1,271.23","1,584.19","1,952.07","2,257.26","2,557.70","1,969.27","1,156.04","1,282.40","3,069.81","13,640.31"
AP / Telangana - Rural,"56,781.45","15,848.22","5,284.40","16,080.17","35,416.89","49,404.01","27,752.39","29,029.06","9,597.46","13,071.28","11,970.34","8,496.51","10,064.83","8,985.46","6,528.65","4,472.28","5,162.44","11,852.36","18,561.34","1,611.76","5,530.25","10,154.27","6,708.98","3,972.95","15,684.52",790.60,"4,849.05","1,215.29","3,642.80","27,546.80","11,970.34","18,561.34","8,673.11","7,613.41","10,324.10","8,937.64",961.38,"11,179.74","7,997.39","5,811.33","16,378.98","7,291.28","35,749.33","11,529.83","24,812.79",n.a,610.58,350.80,253.91,274.06,n.a,n.a,499.30,521.09,267.32,144.36,212.55,"2,540.86","4,168.13","3,445.29","2,366.05","1,546.45","1,767.55","1,550.91","2,142.63","1,500.17","1,206.25",981.04,914.17,989.94,"2,025.50","1,945.12","1,159.80",565.42,853.39,"2,108.18","15,721.32"
Karnataka - Rural,"38,728.11","9,040.82","5,409.46","14,478.74","18,839.91","33,797.78","19,543.02","19,185.08","7,028.70","9,685.87","8,268.61","5,611.44","7,016.20","5,551.95","4,486.67","2,957.78","3,418.19","6,462.40","12,627.65","1,649.26","4,621.14","9,298.86","6,165.25","3,999.48","13,920.00",983.62,"3,990.71","1,104.87","2,988.01","18,179.59","8,268.61","12,627.65","5,607.37","6,435.85","7,155.35","5,509.44",856.20,"7,284.99","4,269.13","5,447.82","11,117.98","4,904.52","24,271.67","8,168.84","16,835.82",n.a,462.15,394.05,248.67,226.75,347.53,409.23,464.24,513.00,365.55,n.a,280.73,"2,863.01","3,302.24","3,133.61","2,314.21","1,685.54","1,968.45","1,399.81","1,553.43","1,434.58","1,002.70",905.52,"1,086.77","1,463.19","1,748.81","1,699.03","1,311.51",780.02,881.68,"1,688.41","10,396.67"
Kerala - Rural,"16,397.63","4,478.45","5,531.39","5,713.95","5,152.29","15,621.76","7,942.74","8,454.88","2,736.47","3,442.40","2,235.56","1,529.63","2,535.46","2,636.57","2,570.74","1,837.75","1,845.08","1,049.73","4,065.09","1,523.62","2,299.44","5,001.35","3,015.36","1,589.28","7,300.79",631.92,"2,931.75","1,534.98","2,062.52","6,701.65","2,235.56","4,065.09","2,643.76","3,917.82","2,136.50","1,496.16","1,212.89","1,603.63",n.a,"3,666.90","3,917.62","1,451.66","9,769.36","3,263.49","8,467.03",n.a,n.a,n.a,n.a,313.70,283.71,n.a,n.a,n.a,n.a,n.a,233.03,"1,083.53","1,931.83","1,985.99","1,680.90","1,187.55","1,076.10",n.a,"1,040.36","1,022.15",869.23,654.87,627.64,512.65,891.46,963.84,811.67,532.68,448.46,"1,928.79","5,749.02"
TN/Pondicherry - Rural,"40,577.88","11,279.24","8,678.82","14,858.53","17,040.53","37,189.33","20,100.07","20,477.82","6,705.92","8,605.91","7,369.96","5,469.96","6,973.01","6,489.62","5,428.89","3,919.09","3,691.40","5,082.05","12,442.98","2,733.92","4,877.80","11,376.98","7,360.92","4,017.99","16,254.78","1,254.80","5,898.06","2,267.02","4,302.64","18,932.60","7,369.96","12,442.98","6,583.22","8,298.86","6,759.65","5,307.47","1,690.84","6,115.15","3,351.97","7,293.45","11,617.39","4,998.66","25,757.59","8,024.76","19,218.07",n.a,946.57,744.27,576.19,419.83,n.a,517.61,790.84,831.94,577.22,386.35,342.60,"3,078.12","4,282.80","4,016.06","3,277.39","2,115.58","1,889.60","1,509.86","2,249.43","2,053.21","1,595.43","1,045.39",952.70,"1,568.26","2,033.37","1,962.85","1,681.97","1,070.19",936.90,"3,034.58","12,294.03"
Bihar/Jharkhand - Rural,"32,441.20","6,762.10","4,394.68","10,487.58","17,558.94","27,321.27","17,118.45","15,322.76","8,914.43","11,799.17","7,650.87","4,766.13","5,160.12","4,153.03","2,842.90","1,904.58","1,815.28","5,448.20","9,926.25","1,372.71","5,217.78","6,162.18","4,478.05","3,269.33","11,379.96",796.94,"2,842.23",893.63,"2,180.97","14,079.28","7,650.87","9,926.25","4,212.70","4,211.47","6,535.31","4,181.87",663.24,"6,853.93","4,381.54","3,201.62","8,659.12","4,056.29","21,763.46","9,736.27","10,964.45",n.a,411.06,n.a,n.a,n.a,n.a,350.04,404.88,293.07,n.a,n.a,n.a,"1,950.72","2,527.33","1,684.14","1,517.49",942.27,"1,042.54",871.10,"1,347.42",833.55,661.26,448.03,420.15,"1,079.62","1,179.91",850.59,856.23,494.24,622.39,"1,394.13","6,746.21"
MP/Chhattisgarh - Rural,"41,051.60","10,482.33","4,060.34","12,405.25","24,586.02","34,262.36","20,363.38","20,688.22","11,131.73","14,599.84","8,575.24","5,107.14","7,008.17","6,619.29","3,973.07","2,010.00","1,734.10","8,042.99","12,115.30","1,042.66","6,177.37","6,818.10","4,072.31","2,730.98","12,995.47",485.28,"3,372.88",892.24,"2,545.34","18,734.59","8,575.24","12,115.30","5,638.13","5,371.03","6,372.21","5,997.90",670.49,"8,089.96","5,844.26","4,698.26","10,293.60","3,429.79","27,974.08","12,497.06","15,098.76",n.a,384.57,285.92,221.75,n.a,n.a,n.a,373.43,419.52,n.a,n.a,n.a,"1,447.07","2,625.24","2,745.79","1,952.47",869.77,647.88,643.92,"1,270.96","1,274.38",827.55,603.41,391.20,803.15,"1,354.27","1,471.42","1,124.92",266.36,256.68,"1,424.87","9,055.63"
Pun/Cha - Rural,"17,525.17","3,845.33","7,110.63","5,801.85","4,612.69","17,470.66","9,237.85","8,287.32","3,336.15","4,137.68","3,312.28","2,510.75","2,947.32","2,689.53","2,089.66","1,326.99","1,823.24","1,667.01","5,458.06","1,886.90","3,095.26","5,797.69","3,791.05","2,294.83","8,892.95","1,090.15","2,907.46","1,681.86","2,057.95","8,147.59","3,312.28","5,458.06","2,724.59","4,107.16","3,292.57","1,581.50","1,161.97","2,222.13",n.a,"3,610.62","5,439.19","2,510.75","12,246.69","4,117.97","8,752.27",n.a,n.a,n.a,n.a,n.a,n.a,n.a,n.a,n.a,n.a,n.a,n.a,"1,690.53","2,100.52","2,006.64","1,603.98","1,082.96","1,332.59",n.a,n.a,"1,117.45",n.a,n.a,n.a,n.a,"1,160.02",889.19,754.47,n.a,n.a,"2,272.66","5,400.54"
Har/HP/J&K - Rural,"21,950.21","4,588.62","9,707.49","6,821.39","5,421.32","21,066.82","11,561.12","10,389.09","4,994.24","6,223.39","4,093.59","2,864.43","4,066.43","3,519.38","2,229.82","1,602.33","1,444.42","1,680.29","6,930.86","3,065.37","4,556.37","7,858.07","5,250.58","2,811.37","12,414.44","1,627.26","3,622.11","2,158.18","2,791.98","10,450.24","4,093.59","6,930.86","3,534.84","5,809.37","3,838.82","1,911.52","1,701.60","2,466.33",n.a,"4,267.70","6,785.97","2,719.54","16,012.57","5,831.57","10,406.70",n.a,874.35,827.25,456.59,n.a,n.a,659.78,"1,020.04",737.84,n.a,413.46,n.a,"2,048.70","3,201.88","2,607.49","1,660.21","1,240.16","1,214.08",923.40,"1,455.69","1,336.29",830.13,586.36,547.20,"1,125.30","1,746.19","1,271.20",830.08,653.80,666.88,"3,454.35","5,964.43"
India Urban,"383,221.05","90,986.91","135,902.58","117,174.19","130,144.28","358,872.53","196,464.34","186,756.72","67,843.91","87,614.86","74,729.18","54,958.23","71,158.10","63,706.42","47,264.35","30,629.22","27,889.86","48,072.95","126,116.33","41,049.90","56,222.00","121,404.65","78,043.38","43,818.88","177,626.65","20,940.88","60,111.36","32,564.86","43,933.87","189,822.75","74,729.18","126,116.33","63,263.12","89,262.81","68,401.68","43,102.26","24,046.98","53,788.29","30,910.29","76,741.06","117,467.88","50,166.48","259,179.93","81,659.62","182,361.56","7,017.06","12,556.90","11,490.08","8,517.88","6,140.54","5,816.00","8,519.20","12,956.75","12,350.09","9,107.09","6,044.78","6,223.26","32,141.84","45,901.55","43,361.26","33,379.80","22,033.81","20,036.52","14,737.14","22,634.67","21,299.19","16,177.49","10,792.93","9,882.81","17,404.70","23,266.87","22,062.07","17,202.31","11,240.87","10,153.70","44,622.60","111,901.01"
India Rural,"505,270.64","119,220.99","94,255.67","164,992.71","246,022.26","446,981.05","258,300.62","246,970.02","107,091.43","139,669.81","105,478.50","72,900.11","86,697.80","75,924.54","56,214.13","36,851.39","37,012.85","81,596.96","159,597.91","27,747.68","70,497.60","118,305.17","78,000.95","48,390.28","188,802.77","15,035.40","54,899.82","20,535.32","41,009.90","235,522.45","105,478.50","159,597.91","71,962.99","84,878.09","90,582.99","65,302.81","15,610.66","90,443.09","57,088.22","70,586.82","141,939.40","62,297.39","331,944.01","122,696.09","212,163.30","4,910.02","8,373.90","7,236.76","4,924.65","4,146.52","4,506.96","5,789.15","8,674.61","8,083.56","5,900.74","3,462.66","3,943.43","33,427.08","44,573.88","40,304.22","30,282.61","19,901.34","20,261.66","15,937.99","21,591.99","19,417.91","13,889.92","10,549.31","10,799.47","17,489.09","22,981.89","20,886.31","16,392.69","9,352.03","9,462.19","31,416.65","129,320.21"
Mega Cities,"92,355.71","22,800.52","41,765.13","26,722.90","23,867.67","89,058.50","48,174.02","44,181.69","15,187.55","19,424.83","16,949.88","12,712.60","18,115.26","16,294.87","11,568.01","7,554.18","6,685.95","9,126.47","30,827.86","13,079.01","14,186.53","33,989.39","21,701.40","11,443.07","48,175.93","6,290.57","16,454.86","10,115.48","12,081.78","47,122.73","16,949.88","30,827.86","16,092.63","25,303.58","16,134.95","9,101.02","7,570.44","10,659.31","5,506.82","21,320.05","29,672.42","12,146.65","64,165.84","18,706.72","47,033.15","2,124.34","3,954.97","3,615.47","2,545.04","1,795.78","1,648.49","2,713.78","4,285.93","4,125.53","2,889.32","1,849.14","1,776.39","8,685.81","13,015.58","12,288.00","9,032.05","5,934.63","5,345.42","3,834.35","6,278.90","5,802.89","4,373.07","2,808.28","2,650.72","4,851.46","6,736.69","6,485.11","4,658.98","3,126.35","2,694.70","13,630.74","28,053.22"
10-75L,"84,265.94","19,956.34","32,279.20","27,553.35","24,433.39","80,248.47","43,136.95","41,128.99","15,170.47","19,715.07","16,464.74","11,920.14","14,943.54","13,918.09","10,585.81","6,902.40","6,280.89","8,660.20","26,863.67","9,391.67","13,559.13","28,293.71","18,203.47","10,379.94","41,852.84","4,937.81","14,204.54","7,686.54","10,326.49","40,781.77","16,464.74","26,863.67","13,964.78","20,816.80","15,115.13","8,932.73","5,617.81","11,526.92","6,084.80","18,014.97","25,428.07","10,917.13","57,401.88","18,743.16","40,369.18","1,648.83","2,803.31","2,814.50","2,068.73","1,530.63","1,467.65","1,926.84","3,012.69","2,829.73","2,102.55","1,437.18","1,532.18","7,476.91","10,726.56","10,090.24","7,924.73","5,277.42","4,777.56","3,414.00","5,245.67","5,080.82","3,878.05","2,694.85","2,354.46","4,062.91","5,480.89","5,009.42","4,046.68","2,582.56","2,423.11","10,508.96","25,346.01"
10L+,"176,621.65","42,756.85","74,044.33","54,276.26","48,301.06","169,306.97","91,310.97","85,310.68","30,358.03","39,139.90","33,414.62","24,632.74","33,058.80","30,212.97","22,153.83","14,456.58","12,966.83","17,786.67","57,691.54","22,470.68","27,745.66","62,283.11","39,904.87","21,823.00","90,028.77","11,228.38","30,659.40","17,802.02","22,408.28","87,904.50","33,414.62","57,691.54","30,057.41","46,120.39","31,250.08","18,033.75","13,188.25","22,186.24","11,591.62","39,335.02","55,100.49","23,063.78","121,567.71","37,449.88","87,402.33","3,773.17","6,758.28","6,429.98","4,613.77","3,326.41","3,116.14","4,640.62","7,298.62","6,955.26","4,991.87","3,286.32","3,308.57","16,162.72","23,742.15","22,378.24","16,956.78","11,212.05","10,122.99","7,248.36","11,524.56","10,883.71","8,251.12","5,503.13","5,005.18","8,914.37","12,217.58","11,494.53","8,705.66","5,708.92","5,117.81","24,139.70","53,399.23"
Below 10L Urban,"206,599.41","48,230.05","61,858.26","62,897.93","81,843.22","189,565.56","105,153.37","101,446.04","37,485.88","48,474.96","41,314.56","30,325.48","38,099.31","33,493.46","25,110.53","16,172.64","14,923.03","30,286.28","68,424.79","18,579.22","28,476.34","59,121.54","38,138.52","21,995.88","87,597.88","9,712.50","29,451.97","14,762.83","21,525.59","101,918.25","41,314.56","68,424.79","33,205.71","43,142.43","37,151.60","25,068.51","10,858.73","31,602.05","19,318.68","37,406.04","62,367.39","27,102.70","137,612.22","44,209.73","94,959.23","3,243.90","5,798.62","5,060.11","3,904.11","2,814.14","2,699.87","3,878.59","5,658.12","5,394.83","4,115.22","2,758.47","2,914.69","15,979.11","22,159.40","20,983.02","16,423.02","10,821.76","9,913.53","7,488.78","11,110.11","10,415.48","7,926.37","5,289.81","4,877.63","8,490.33","11,049.29","10,567.54","8,496.64","5,531.96","5,035.90","20,482.91","58,501.78"
AP / Telangana - Urban,"32,968.19","8,724.08","8,007.38","9,982.74","14,978.07","29,870.28","16,364.38","16,603.81","5,522.18","7,189.13","6,616.05","4,949.09","6,370.79","5,557.82","3,908.21","2,522.52","2,470.61","5,748.12","11,319.89","2,492.51","4,112.88","8,855.19","5,571.77","3,036.97","12,968.07","1,153.68","4,432.58","1,989.97","3,308.06","16,877.70","6,616.05","11,319.89","5,609.49","6,684.80","5,917.86","4,588.83","1,512.80","5,462.37","3,579.07","5,573.47","10,274.98","4,381.90","21,962.68","6,581.31","15,359.68",474.97,882.26,630.54,477.17,360.25,n.a,364.37,770.90,854.89,473.76,308.55,n.a,"2,170.39","3,401.38","3,283.42","2,290.05","1,434.97","1,297.03","1,193.11","1,779.74","1,528.32","1,124.52",729.11,665.55,977.28,"1,621.64","1,755.11","1,165.53",705.86,631.48,"2,810.36","9,566.95"
Assam / North East / Sikkim - Urban,"9,073.11","2,082.32","2,120.27","2,575.97","4,376.86","7,959.45","4,521.38","4,551.73","1,637.62","2,102.28","1,749.36","1,284.70","1,750.53","1,498.33","1,082.17",713.25,641.84,"1,579.24","3,035.24",n.a,"1,042.68","2,244.83","1,456.00",825.80,"3,287.51",n.a,"1,097.42",n.a,838.41,"4,533.56","1,749.36","3,035.24","1,513.36","1,644.59","1,458.04","1,327.91",n.a,"1,402.31",923.56,"1,399.19","2,644.88","1,100.90","5,765.28","1,771.28","4,108.62",n.a,n.a,n.a,n.a,n.a,n.a,n.a,n.a,n.a,n.a,n.a,n.a,n.a,855.76,788.83,610.36,415.19,383.19,n.a,n.a,n.a,n.a,n.a,n.a,n.a,n.a,379.11,n.a,n.a,n.a,708.22,"2,527.75"
Guj / D&D / DNH - Urban,"28,867.07","6,592.67","9,622.64","9,979.54","9,264.89","27,250.46","15,226.38","13,640.69","4,952.19","6,386.57","6,143.47","4,709.09","5,661.44","4,707.64","3,374.98","2,136.52","1,890.83","3,859.04","10,370.52","2,981.85","4,121.72","9,866.79","6,511.48","3,686.70","13,988.51","1,647.94","4,677.32","2,274.59","3,407.63","15,078.17","6,143.47","10,370.52","4,753.11","7,120.48","5,631.74","3,339.09","1,657.71","4,495.53","2,456.77","5,906.04","9,698.54","4,275.58","20,158.00","5,996.44","13,743.36",555.42,792.02,865.70,616.88,418.12,482.17,686.00,948.41,863.59,660.38,460.99,401.54,"2,746.32","3,765.17","3,355.31","2,550.73","1,630.32","1,432.61","1,268.54","1,769.39","1,638.25","1,269.69",813.54,753.29,"1,477.78","1,995.78","1,717.06","1,281.04",816.78,679.32,"3,027.93","8,271.46"
Karnataka - Urban,"27,705.54","7,105.28","9,342.83","8,856.70","9,506.01","25,761.94","14,105.15","13,600.39","4,556.14","6,069.70","5,315.82","3,802.26","5,641.47","4,732.17","3,346.41","2,196.34","1,917.19","3,800.50","9,443.73","2,962.91","3,959.16","8,866.85","5,643.23","3,006.10","12,826.00","1,388.23","4,422.25","2,380.84","3,315.95","14,175.90","5,315.82","9,443.73","4,748.93","6,760.44","4,775.55","3,335.58","1,799.09","3,927.59","2,309.73","5,561.63","8,675.21","3,390.11","18,755.32","5,662.09","13,569.68",485.32,"1,041.87",757.22,581.74,406.22,369.21,464.74,970.99,853.10,603.46,441.25,408.12,"2,106.41","3,536.82","3,223.62","2,338.01","1,628.12","1,407.39","1,040.40","1,811.39","1,504.56","1,106.30",800.82,703.53,"1,066.01","1,725.42","1,719.06","1,231.72",827.30,703.87,"3,218.39","8,178.02"
Kerala - Urban,"15,997.70","4,114.99","6,238.58","6,358.36","3,400.76","15,828.98","7,611.77","8,385.92","2,649.20","3,409.08","2,516.08","1,756.19","2,301.12","2,553.28","2,287.91","1,734.36","1,955.75",837.87,"4,057.31","1,613.40","2,777.87","5,309.54","3,219.44","1,891.15","8,087.41",787.00,"3,101.01","1,517.80","2,138.69","6,610.59","2,516.08","4,057.31","2,637.47","3,991.88","2,485.85","1,554.15","1,098.09","1,729.09",624.94,"3,858.72","4,034.49","1,733.37","9,954.40","3,401.68","8,432.19",n.a,537.69,560.40,419.71,349.98,353.05,n.a,533.98,552.44,n.a,260.23,408.53,"1,317.66","1,901.78","2,090.10","1,768.61","1,320.58","1,420.33",623.48,987.94,"1,150.75",962.32,661.42,690.56,694.18,913.84,939.36,806.30,659.16,729.77,"2,121.57","5,702.46"
Mah / Goa - Urban,"55,274.64","13,026.37","20,845.85","18,735.92","15,692.88","52,857.48","28,856.65","26,418.00","9,321.74","11,988.00","10,607.61","7,941.35","10,589.68","9,492.93","6,942.64","4,378.48","3,941.57","6,474.81","18,531.03","6,454.60","8,569.95","19,012.24","12,056.22","6,691.99","27,582.19","3,205.71","9,390.90","5,078.99","6,745.00","28,023.96","10,607.61","18,531.03","9,287.48","14,052.43","9,958.23","6,051.85","3,681.86","7,401.90","3,915.63","12,333.80","17,624.12","7,438.33","38,250.87","11,512.79","27,234.05",993.38,"1,908.46","1,773.40","1,397.13",897.73,869.55,"1,468.32","2,084.45","1,981.86","1,481.13",922.78,904.19,"4,959.81","7,096.41","6,956.01","5,377.79","3,521.89","3,099.90","2,067.32","3,429.67","3,315.33","2,645.90","1,722.58","1,569.72","2,892.49","3,666.75","3,640.68","2,731.89","1,799.31","1,530.18","6,633.99","16,429.62"
Odisha - Urban,"6,412.31","1,540.02","2,445.92","1,794.55","2,171.84","5,862.24","3,253.03","3,159.28","1,052.69","1,367.98","1,212.03",896.74,"1,240.99","1,094.89",806.35,549.09,456.27,789.95,"2,137.73",770.86,845.86,"2,062.72","1,347.78",759.27,"2,908.57",357.45,"1,066.55",647.90,795.18,"3,232.62","1,212.03","2,137.73","1,150.35","1,483.02","1,113.03",722.60,500.85,854.57,n.a,"1,301.20","1,977.61",828.55,"4,202.96","1,209.73","3,084.92",n.a,n.a,n.a,n.a,n.a,n.a,n.a,n.a,n.a,n.a,n.a,n.a,579.70,768.08,714.94,586.25,388.79,356.85,n.a,402.34,392.84,271.37,n.a,n.a,n.a,365.74,322.10,314.88,n.a,n.a,839.66,"1,910.56"
Pun / Har / Cha / HP / J&K - Urban,n.a,n.a,n.a,n.a,n.a,n.a,n.a,n.a,n.a,n.a,n.a,n.a,n.a,n.a,n.a,n.a,n.a,n.a,n.a,n.a,n.a,n.a,n.a,n.a,n.a,n.a,n.a,n.a,n.a,n.a,n.a,n.a,n.a,n.a,n.a,n.a,n.a,n.a,n.a,n.a,n.a,n.a,n.a,n.a,n.a,n.a,n.a,n.a,n.a,n.a,n.a,n.a,n.a,n.a,n.a,n.a,n.a,n.a,n.a,n.a,n.a,n.a,n.a,n.a,n.a,n.a,n.a,n.a,n.a,n.a,n.a,n.a,n.a,n.a,n.a,n.a,n.a
Rajasthan - Urban,"16,134.65","3,358.15","5,732.52","5,245.18","5,156.95","15,351.68","8,163.13","7,971.52","3,190.81","4,299.74","3,659.25","2,550.31","2,908.59","2,520.11","1,867.50","1,131.54",856.86,"1,840.26","5,458.90","1,816.35","2,758.95","5,401.97","3,618.64","2,358.47","8,160.92","1,085.30","2,571.33","1,379.35","1,893.93","7,979.02","3,659.25","5,458.90","2,681.15","3,753.87","3,400.62","1,759.21","1,022.59","2,573.95","1,300.78","3,150.43","5,249.76","2,389.73","11,582.70","3,956.01","7,168.87",n.a,529.07,493.51,356.76,250.53,n.a,404.86,549.81,440.48,360.93,230.89,192.59,"1,648.11","1,970.54","1,783.33","1,367.10",823.76,625.91,759.58,984.49,909.45,677.40,427.26,314.55,888.53,986.05,873.88,689.70,396.50,311.36,"1,957.95","4,582.55"
TN/Pondicherry - Urban,"39,863.60","11,354.40","14,688.49","12,971.82","12,203.29","38,080.02","19,549.79","20,313.81","6,167.07","8,036.72","6,869.46","4,999.80","6,912.35","6,964.21","5,505.94","3,944.31","3,500.27","3,580.49","11,912.15","4,428.64","5,700.33","13,405.92","8,331.66","4,358.42","19,106.25","1,927.07","7,185.53","3,922.00","5,297.38","18,876.36","6,869.46","11,912.15","7,000.35","10,274.59","6,553.24","4,266.41","2,960.43","4,942.39","2,511.04","8,918.77","11,477.32","4,745.33","26,002.50","7,775.37","20,304.79",683.12,"1,585.29","1,375.14",961.58,662.48,553.73,674.60,"1,485.63","1,416.93","1,003.69",683.57,580.06,"3,131.33","5,200.33","5,074.26","3,844.51","2,592.07","2,117.47","1,570.97","2,738.55","2,558.83","1,888.15","1,245.52","1,027.80","1,560.36","2,461.78","2,515.43","1,956.36","1,346.55","1,089.68","5,081.56","12,933.54"
UP/Uttarakhand - Urban,"34,749.63","6,758.78","12,883.51","9,608.17","12,257.96","32,162.81","18,322.99","16,426.65","7,281.42","9,359.73","7,760.95","5,682.64","6,240.00","5,115.65","3,786.05","2,360.78","2,204.77","4,597.58","11,922.64","3,939.90","5,622.58","10,681.36","7,325.06","4,412.26","16,303.94","2,250.33","4,726.72","2,703.76","3,512.53","17,038.29","7,760.95","11,922.64","5,086.20","7,404.79","6,889.07","3,449.74","2,014.00","5,510.62","3,348.69","6,010.49","10,888.24","5,011.68","24,244.20","8,585.90","15,016.97",691.81,"1,048.60",965.40,689.77,622.54,578.32,984.29,"1,215.21",985.92,836.80,515.22,695.39,"3,276.58","4,048.48","3,356.31","2,654.19","1,799.44","1,734.11","1,369.64","1,858.20","1,654.33","1,214.19",929.90,801.29,"1,906.94","2,190.28","1,701.97","1,440.00",869.53,932.82,"4,063.16","8,917.43"
West Bengal - Urban,"28,489.62","7,078.13","6,011.22","7,580.64","14,897.76","25,375.68","14,569.32","13,920.29","4,551.57","5,830.17","4,698.06","3,419.46","5,046.81","5,029.23","3,984.73","2,558.85","2,620.37","4,905.98","8,466.27","1,463.37","2,519.41","5,894.79","3,560.29","1,858.65","8,414.19",695.78,"3,239.29","1,370.89","2,311.17","13,495.50","4,698.06","8,466.27","4,666.21","4,516.24","4,001.85","4,267.41",949.35,"4,002.28","2,839.41","4,318.14","7,430.21","2,925.55","17,059.35","5,105.26","13,778.40",n.a,468.97,480.38,421.54,343.21,429.08,n.a,465.67,573.70,412.01,370.97,523.71,"1,378.54","2,181.74","2,334.50","1,983.64","1,443.40","1,750.63",614.26,"1,129.19","1,181.98",928.12,666.23,818.37,764.28,"1,052.55","1,152.52","1,055.51",777.16,932.26,"1,644.38","8,469.68"
Bihar/Jharkhand - Urban,"15,370.82","3,110.38","4,847.12","3,934.25","6,589.45","13,604.52","8,055.90","7,314.92","3,342.51","4,366.00","3,440.71","2,417.22","2,690.91","2,409.15","1,595.58","1,029.46",862.50,"2,417.52","5,108.14","1,380.15","2,343.60","4,112.71","2,690.62","1,652.69","6,456.31",805.89,"1,886.95","1,012.95","1,448.88","7,517.29","3,440.71","5,108.14","2,256.81","2,887.64","2,984.86","1,778.43",771.99,"2,634.81","1,788.02","2,415.66","4,500.62","2,102.75","10,440.48","3,812.11","6,256.56",n.a,n.a,n.a,n.a,n.a,n.a,n.a,n.a,n.a,n.a,n.a,n.a,"1,225.07","1,465.54","1,422.10",993.57,689.81,641.68,557.20,748.47,700.40,438.08,315.73,323.13,667.88,717.07,721.69,555.49,374.08,318.55,"1,681.07","3,714.77"
MP/Chhattisgarh - Urban,"25,582.25","5,923.53","7,477.87","7,564.63","10,539.74","23,215.10","13,088.74","12,493.51","4,835.81","6,224.38","5,339.23","3,950.66","4,925.83","4,164.60","3,042.28","1,839.66","1,434.83","4,267.20","8,876.50","2,108.93","3,428.52","7,154.39","4,609.30","2,661.38","10,582.91","1,191.80","3,546.98","1,769.58","2,524.07","13,041.09","5,339.23","8,876.50","4,046.50","5,205.99","4,689.62","3,174.01","1,258.08","4,147.44","2,677.86","4,658.13","7,854.83","3,412.09","17,370.65","5,709.33","11,263.90",369.73,608.16,649.93,511.49,346.51,328.17,490.83,640.21,655.58,577.60,304.12,304.08,"1,948.39","2,660.91","2,545.09","2,113.04","1,305.72","1,040.83",864.74,"1,258.71","1,265.37","1,022.91",644.89,534.48,"1,083.66","1,402.20","1,279.72","1,090.13",660.83,506.35,"2,395.25","6,949.83"
Pun/Cha - Urban,"11,908.46","2,735.37","5,975.93","3,404.84","2,527.69","11,580.78","6,295.64","5,612.82","2,150.19","2,606.32","2,153.76","1,697.62","2,191.07","1,938.99","1,547.74","1,016.09",910.62,n.a,"3,888.69","1,732.28","1,959.96","4,503.98","2,942.34","1,635.23","6,463.94",943.12,"2,232.52","1,409.87","1,588.84","5,827.68","2,153.76","3,888.69","2,001.73","3,242.72","2,067.08","1,021.99",995.94,"1,210.63",n.a,"2,843.89","3,793.82","1,635.94","8,177.44","2,486.41","5,946.64",n.a,n.a,503.12,413.93,n.a,n.a,n.a,505.52,521.42,404.34,n.a,n.a,"1,261.26","1,681.08","1,561.64","1,282.26",860.79,773.79,549.11,827.95,760.89,643.68,403.39,343.15,712.15,853.13,800.75,638.58,457.41,430.63,"1,890.30","3,614.03"
Har/HP/J&K - Urban,"8,749.96","1,906.25","4,603.74","2,271.57","1,874.64","8,525.91","4,671.99","4,077.97","1,676.68","2,086.69","1,623.34","1,213.32","1,664.15","1,422.09","1,040.28",637.40,686.03,684.73,"2,877.47","1,462.40","1,579.21","3,318.99","2,192.75","1,191.03","4,898.20",751.10,"1,539.59","1,069.41","1,120.58","4,299.56","1,623.34","2,877.47","1,354.28","2,404.29","1,623.34",628.31,773.67,872.24,n.a,"1,986.25","2,808.80","1,213.32","6,162.21","1,992.90","4,279.40",n.a,402.96,370.71,295.74,n.a,n.a,n.a,502.58,383.56,n.a,n.a,n.a,914.70,"1,278.05","1,126.24",860.01,544.46,572.65,380.35,564.84,555.73,419.01,287.59,n.a,534.35,713.20,570.51,440.99,256.87,n.a,"1,461.97","2,564.28"
HSM,"619,471.60","138,262.43","166,976.91","192,865.90","259,628.80","560,299.48","321,795.65","297,675.96","129,972.22","167,774.57","129,045.80","91,243.45","110,040.67","96,159.89","69,415.08","43,896.17","40,941.78","91,256.39","201,284.11","49,781.57","92,840.75","167,440.85","110,027.73","66,336.82","260,281.60","27,059.36","78,200.25","37,167.40","57,887.73","297,444.01","129,045.80","201,284.11","91,722.40","120,163.24","112,876.55","73,409.40","27,565.92","101,986.43","62,708.97","101,195.79","181,913.31","79,567.03","418,901.08","149,948.35","267,524.81","8,685.72","14,240.89","13,325.03","9,601.48","7,273.80","7,519.33","11,207.69","15,647.27","14,317.31","11,035.47","6,910.79","7,412.83","47,277.61","62,750.12","57,413.12","43,782.67","28,424.29","27,354.25","21,215.70","29,923.19","27,964.54","20,312.52","14,318.56","14,013.58","26,061.90","32,826.93","29,448.58","23,470.15","14,105.72","13,340.67","54,047.41","160,679.21"
HSM Urban,"266,686.03","59,688.16","97,625.31","79,004.58","90,056.14","249,331.31","138,833.25","127,852.78","48,949.33","62,910.22","53,411.76","39,450.88","49,932.37","43,898.95","32,215.89","20,231.68","18,046.04","34,105.97","89,383.25","29,552.45","39,671.77","84,967.14","55,277.29","31,526.25","124,638.91","15,684.91","40,970.00","22,754.24","29,873.79","133,282.20","53,411.76","89,383.25","43,266.87","61,551.10","48,669.17","29,357.29","16,676.57","37,726.85","21,885.52","52,828.46","83,005.88","35,915.77","182,505.02","58,239.17","124,695.22","5,096.69","8,509.79","8,166.78","6,077.68","4,361.62","4,224.04","6,750.72","9,195.25","8,672.72","6,696.62","4,351.19","4,538.32","23,416.04","31,861.24","29,689.86","23,138.61","15,058.07","13,794.30","10,309.18","15,317.05","14,556.74","11,096.21","7,356.06","6,795.39","13,106.86","16,544.19","15,133.12","12,042.40","7,702.01","6,998.91","31,390.72","75,520.04"
HSM 10L+,"125,373.69","28,767.35","52,751.74","37,831.18","34,790.76","120,059.78","65,854.09","59,519.59","22,156.89","28,498.27","24,546.01","18,204.63","23,430.15","21,292.76","15,587.70","9,848.85","8,511.33","13,260.63","41,634.78","15,924.93","19,773.38","43,959.27","28,374.14","15,844.15","63,732.64","8,240.05","21,190.96","12,375.92","15,380.53","62,927.53","24,546.01","41,634.78","20,878.13","32,102.36","22,800.17","12,688.39","9,052.69","16,305.96","8,701.87","27,570.84","39,574.81","16,908.53","87,134.85","27,160.90","60,912.33","2,697.22","4,491.61","4,561.09","3,323.23","2,344.24","2,281.12","3,604.13","5,131.98","4,828.01","3,666.00","2,354.03","2,396.64","11,856.90","16,517.24","15,585.12","11,985.72","7,860.87","7,003.70","5,187.04","7,783.26","7,597.27","5,810.42","3,870.48","3,447.76","6,669.87","8,733.98","7,987.85","6,175.29","3,990.38","3,555.93","16,717.40","36,827.99"
HSM 10-75L,"63,475.27","14,350.47","24,707.39","20,044.52","18,723.37","60,210.97","33,121.59","30,353.68","11,835.21","15,352.99","13,005.99","9,488.20","11,617.98","10,453.74","7,653.88","4,839.42","4,069.07","7,128.56","21,106.18","7,219.68","10,303.08","21,480.74","13,977.61","8,075.81","31,783.82","3,956.41","10,437.11","5,777.40","7,618.03","31,559.92","13,005.99","21,106.18","10,427.15","15,631.38","11,806.98","6,730.38","4,210.90","9,049.58","4,930.17","13,317.48","19,786.34","8,564.18","44,209.79","14,521.97","29,746.79","1,262.12","2,052.36","2,158.54","1,566.49","1,122.11","1,127.31","1,631.64","2,273.56","2,113.95","1,663.93","1,146.86","1,107.96","5,849.36","8,128.25","7,503.12","5,814.36","3,876.97","3,276.76","2,591.83","3,876.68","3,741.36","2,819.08","1,955.80","1,623.13","3,257.53","4,251.58","3,761.76","2,995.28","1,921.18","1,653.63","7,847.84","18,273.44"
HSM below 10L Urban,"141,312.34","30,920.81","44,873.57","41,173.40","55,265.38","129,271.53","72,979.16","68,333.19","26,792.45","34,411.95","28,865.75","21,246.25","26,502.23","22,606.19","16,628.19","10,382.82","9,534.71","20,845.33","47,748.48","13,627.52","19,898.39","41,007.87","26,903.14","15,682.10","60,906.27","7,444.85","19,779.04","10,378.32","14,493.26","70,354.67","28,865.75","47,748.48","22,388.74","29,448.73","25,868.99","16,668.90","7,623.87","21,420.89","13,183.65","25,257.62","43,431.07","19,007.24","95,370.17","31,078.26","63,782.88","2,399.47","4,018.18","3,605.69","2,754.45","2,017.38","1,942.93","3,146.59","4,063.27","3,844.72","3,030.62","1,997.16","2,141.68","11,559.14","15,344.00","14,104.73","11,152.89","7,197.20","6,790.60","5,122.14","7,533.79","6,959.47","5,285.78","3,485.58","3,347.62","6,437.00","7,810.21","7,145.26","5,867.11","3,711.62","3,442.98","14,673.32","38,692.05"
HSM Rural,"352,785.57","78,574.27","69,351.60","113,861.32","169,572.65","310,968.18","182,962.40","169,823.17","81,022.89","104,864.35","75,634.03","51,792.57","60,108.29","52,260.95","37,199.19","23,664.49","22,895.74","57,150.42","111,900.86","20,229.12","53,168.98","82,473.71","54,750.44","34,810.58","135,642.69","11,374.46","37,230.25","14,413.16","28,013.94","164,161.81","75,634.03","111,900.86","48,455.53","58,612.14","64,207.39","44,052.11","10,889.36","64,259.58","40,823.45","48,367.32","98,907.43","43,651.26","236,396.06","91,709.18","142,829.59","3,589.03","5,731.10","5,158.26","3,523.80","2,912.18","3,295.29","4,456.97","6,452.03","5,644.58","4,338.85","2,559.60","2,874.51","23,861.56","30,888.88","27,723.27","20,644.06","13,366.22","13,559.96","10,906.53","14,606.14","13,407.80","9,216.31","6,962.50","7,218.19","12,955.04","16,282.74","14,315.47","11,427.75","6,403.72","6,341.76","22,656.69","85,159.17"
East,"166,507.45","38,706.35","27,871.93","46,212.63","92,422.90","141,327.08","86,152.64","80,354.81","34,975.34","45,262.91","34,371.52","24,083.94","29,278.33","26,079.45","18,603.54","12,172.44","11,026.84","31,322.66","53,362.27","7,959.59","18,998.80","33,633.44","22,039.61","13,441.69","52,632.24","4,212.57","16,018.26","6,053.42","11,971.44","79,441.72","34,371.52","53,362.27","23,908.00","24,219.21","28,282.99","23,352.89","4,535.61","30,158.94","20,929.82","20,513.58","45,261.90","19,773.08","104,941.25","37,454.15","67,986.00","1,307.16","2,487.34","2,048.27","1,517.81","1,262.16","1,431.87","1,799.39","2,365.70","2,488.55","1,766.83","1,341.95","1,609.47","9,414.23","12,625.37","11,593.83","8,919.74","6,226.11","6,306.46","4,138.07","6,457.99","5,513.45","4,046.82","2,817.51","3,137.50","5,276.16","6,167.38","6,080.38","4,872.92","3,408.60","3,168.96","8,869.26","40,762.11"
East Urban,"59,345.85","13,810.86","15,424.53","15,885.41","28,035.91","52,801.90","30,399.63","28,946.22","10,584.40","13,666.42","11,100.15","8,018.12","10,729.24","10,031.61","7,468.83","4,850.65","4,580.97","9,692.69","18,747.37","4,296.37","6,751.55","14,315.05","9,054.67","5,096.40","21,066.59","2,206.17","7,290.22","3,472.26","5,393.63","28,778.97","11,100.15","18,747.37","9,586.73","10,531.50","9,557.79","8,096.36","2,572.45","8,893.98","6,003.75","9,434.19","16,553.32","6,957.75","37,468.07","11,898.38","27,228.51",754.95,"1,358.11","1,214.34",899.80,791.66,858.03,921.77,"1,261.53","1,385.49","1,032.63",803.01,"1,004.68","3,783.55","5,271.13","5,260.37","4,173.82","2,937.18","3,132.35","1,718.92","2,708.69","2,684.95","1,896.58","1,341.34","1,510.39","2,064.63","2,562.44","2,575.42","2,277.24","1,595.84","1,621.96","4,873.33","16,622.76"
East Rural,"107,161.60","24,895.49","12,447.39","30,327.22","64,386.99","88,525.18","55,753.01","51,408.59","24,390.94","31,596.48","23,271.36","16,065.82","18,549.08","16,047.84","11,134.71","7,321.79","6,445.87","21,629.97","34,614.90","3,663.23","12,247.25","19,318.40","12,984.93","8,345.29","31,565.65","2,006.40","8,728.05","2,581.16","6,577.81","50,662.74","23,271.36","34,614.90","14,321.27","13,687.71","18,725.20","15,256.54","1,963.15","21,264.97","14,926.07","11,079.39","28,708.58","12,815.33","67,473.18","25,555.77","40,757.49",552.21,"1,129.23",833.92,618.01,470.50,573.84,877.62,"1,104.17","1,103.06",734.20,538.94,604.79,"5,630.68","7,354.25","6,333.46","4,745.92","3,288.93","3,174.11","2,419.15","3,749.30","2,828.51","2,150.24","1,476.17","1,627.10","3,211.53","3,604.94","3,504.96","2,595.69","1,812.76","1,547.00","3,995.94","24,139.35"
North,"218,254.85","44,769.63","81,289.05","68,602.05","68,363.76","207,021.92","114,812.93","103,441.92","46,489.75","59,773.70","45,713.06","32,429.12","39,287.66","32,758.27","24,213.71","15,288.67","14,503.72","23,797.99","71,716.78","24,950.00","39,092.39","70,993.04","47,918.79","28,430.14","110,085.43","13,619.45","31,969.15","17,891.34","23,945.33","104,475.05","45,713.06","71,716.78","32,932.60","50,283.90","42,027.93","21,245.95","13,415.90","32,093.61","17,282.92","40,556.18","68,065.65","30,060.78","155,223.84","55,911.77","98,131.18","4,424.19","6,905.70","6,510.20","4,475.44","3,443.65","3,337.30","5,630.03","7,990.08","6,536.63","5,266.92","3,168.14","3,510.41","20,709.14","27,209.65","23,074.25","17,481.93","11,299.37","11,024.36","9,207.82","12,403.56","11,541.76","8,023.82","5,804.01","5,406.23","11,501.32","14,806.09","11,532.49","9,458.11","5,495.36","5,618.14","26,840.61","58,162.95"
North Urban,"97,616.22","20,334.73","44,254.42","26,839.08","26,522.72","93,206.37","51,261.85","46,354.37","19,255.20","24,644.84","20,221.29","14,831.65","18,026.18","15,502.17","11,387.17","7,026.37","6,197.84","9,812.23","32,857.83","13,710.71","16,800.03","34,618.68","23,045.61","13,389.79","51,418.71","7,433.28","16,064.59","10,158.83","11,803.45","48,360.00","20,221.29","32,857.83","15,593.04","24,640.70","18,831.79","8,695.98","7,506.45","12,788.01","6,831.51","20,496.30","31,275.08","13,832.01","69,257.42","23,122.23","45,225.40","2,423.22","3,843.05","3,663.40","2,652.37","1,907.60","1,686.13","3,183.80","4,260.64","3,786.21","2,944.86","1,860.29","1,923.84","9,977.97","13,067.63","11,573.07","8,923.23","5,662.95","5,088.60","4,389.66","6,150.61","5,652.85","4,261.13","2,833.71","2,427.50","5,588.31","6,917.03","5,920.23","4,662.10","2,829.25","2,661.10","14,460.23","27,246.36"
North Rural,"120,638.64","24,434.90","37,034.63","41,762.97","41,841.04","113,815.55","63,551.08","57,087.56","27,234.55","35,128.85","25,491.77","17,597.47","21,261.48","17,256.11","12,826.55","8,262.30","8,305.89","13,985.76","38,858.94","11,239.29","22,292.36","36,374.36","24,873.18","15,040.35","58,666.72","6,186.17","15,904.56","7,732.52","12,141.87","56,115.05","25,491.77","38,858.94","17,339.56","25,643.19","23,196.14","12,549.97","5,909.45","19,305.60","10,451.42","20,059.88","36,790.58","16,228.76","85,966.41","32,789.54","52,905.78","2,000.97","3,062.65","2,846.79","1,823.07","1,536.04","1,651.17","2,446.23","3,729.43","2,750.42","2,322.06","1,307.85","1,586.57","10,731.17","14,142.01","11,501.18","8,558.70","5,636.42","5,935.76","4,818.16","6,252.96","5,888.92","3,762.69","2,970.31","2,978.73","5,913.01","7,889.06","5,612.26","4,796.01","2,666.11","2,957.04","12,380.38","30,916.59"
West,"234,709.30","54,786.46","57,815.93","78,051.23","98,842.14","211,950.48","120,830.07","113,879.23","48,507.14","62,737.97","48,961.22","34,730.39","41,474.68","37,322.17","26,597.82","16,435.06","15,411.21","36,135.73","76,205.07","16,871.98","34,749.56","62,814.37","40,069.33","24,464.99","97,563.93","9,227.34","30,212.84","13,222.64","21,970.96","113,527.24","48,961.22","76,205.07","34,881.80","45,660.14","42,565.64","28,810.56","9,614.41","39,733.88","24,496.23","40,126.03","68,585.76","29,733.17","158,735.99","56,582.43","101,407.63","2,954.37","4,847.84","4,766.57","3,608.23","2,567.99","2,750.16","3,778.27","5,291.50","5,292.13","4,001.72","2,400.70","2,292.95","17,154.23","22,915.10","22,745.03","17,381.00","10,898.81","10,023.43","7,869.81","11,061.64","10,909.32","8,241.88","5,697.04","5,469.86","9,284.42","11,853.46","11,835.72","9,139.12","5,201.77","4,553.57","18,337.53","61,754.14"
West Urban,"109,723.96","25,542.58","37,946.36","36,280.09","35,497.51","103,323.03","57,171.77","52,552.19","19,109.74","24,598.95","22,090.32","16,601.10","21,176.95","18,365.17","13,359.89","8,354.66","7,267.23","14,601.05","37,778.05","11,545.38","16,120.19","36,033.42","23,177.01","13,040.06","52,153.61","6,045.45","17,615.20","9,123.16","12,676.70","56,143.22","22,090.32","37,778.05","18,087.10","26,378.90","20,279.59","12,564.95","6,597.66","16,044.87","9,050.26","22,897.97","35,177.48","15,126.00","75,779.53","23,218.56","52,241.31","1,918.53","3,308.63","3,289.03","2,525.50","1,662.36","1,679.88","2,645.15","3,673.07","3,501.03","2,719.12","1,687.90","1,609.80","9,654.52","13,522.49","12,856.41","10,041.56","6,457.93","5,573.34","4,200.60","6,457.76","6,218.95","4,938.49","3,181.01","2,857.49","5,453.92","7,064.73","6,637.47","5,103.07","3,276.92","2,715.85","12,057.16","31,650.92"
West Rural,"124,985.34","29,243.88","19,869.57","41,771.14","63,344.63","108,627.45","63,658.30","61,327.03","29,397.40","38,139.01","26,870.90","18,129.28","20,297.73","18,957.00","13,237.93","8,080.40","8,143.98","21,534.69","38,427.01","5,326.60","18,629.37","26,780.95","16,892.33","11,424.93","45,410.31","3,181.89","12,597.64","4,099.48","9,294.25","57,384.01","26,870.90","38,427.01","16,794.70","19,281.24","22,286.05","16,245.60","3,016.76","23,689.01","15,445.97","17,228.06","33,408.27","14,607.17","82,956.46","33,363.87","49,166.33","1,035.84","1,539.22","1,477.54","1,082.73",905.63,"1,070.27","1,133.12","1,618.42","1,791.10","1,282.59",712.81,683.15,"7,499.71","9,392.62","9,888.62","7,339.44","4,440.87","4,450.09","3,669.22","4,603.88","4,690.37","3,303.39","2,516.03","2,612.36","3,830.49","4,788.74","5,198.25","4,036.05","1,924.84","1,837.72","6,280.37","30,103.23"
South,"269,020.09","71,945.46","63,181.34","89,301.00","116,537.75","245,554.10","132,969.31","136,050.78","44,963.12","59,510.10","51,161.88","36,614.89","47,815.24","43,471.07","34,063.41","23,584.44","23,960.94","38,413.52","84,430.13","19,016.02","33,878.85","72,268.97","46,016.61","25,872.33","106,147.82","8,916.92","36,810.93","15,932.77","27,056.04","127,901.20","51,161.88","84,430.13","43,503.70","53,977.66","46,108.11","34,995.67","12,091.72","42,244.96","25,289.54","46,132.10","77,493.97","32,896.84","172,222.86","54,407.36","127,000.05","3,241.36","6,689.91","5,401.81","3,841.05","3,013.26","2,803.64","3,100.67","5,984.08","6,116.34","3,972.36","2,596.65","2,753.85","18,291.31","27,725.30","26,252.36","19,879.74","13,510.86","12,943.92","9,459.43","14,303.47","12,752.57","9,754.89","7,023.68","6,668.71","8,831.88","13,421.83","13,499.79","10,124.85","6,487.18","6,275.22","21,991.84","80,542.01"
South Urban,"116,535.03","31,298.75","38,277.27","38,169.61","40,088.14","109,541.23","57,631.09","58,903.93","18,894.58","24,704.64","21,317.41","15,507.35","21,225.73","19,807.48","15,048.46","10,397.54","9,843.82","13,966.98","36,733.08","11,497.45","16,550.23","36,437.51","22,766.10","12,292.64","52,987.74","5,255.98","19,141.36","9,810.61","14,060.08","56,540.56","21,317.41","36,733.08","19,996.24","27,711.71","19,732.51","13,744.97","7,370.41","16,061.44","9,024.78","23,912.60","34,462.01","14,250.72","76,674.91","23,420.45","57,666.34","1,920.37","4,047.11","3,323.31","2,440.20","1,778.92","1,591.96","1,768.48","3,761.50","3,677.37","2,410.48","1,693.59","1,684.93","8,725.79","14,040.30","13,671.41","10,241.19","6,975.74","6,242.22","4,427.96","7,317.62","6,742.45","5,081.28","3,436.87","3,087.43","4,297.83","6,722.68","6,928.95","5,159.91","3,538.87","3,154.79","13,231.88","36,380.97"
South 10L+,"51,247.96","13,989.51","21,292.59","16,445.08","13,510.30","49,247.20","25,456.88","25,791.08","8,201.14","10,641.63","8,868.60","6,428.11","9,628.65","8,920.21","6,566.13","4,607.73","4,455.50","4,526.04","16,056.76","6,545.75","7,972.28","18,323.84","11,530.72","5,978.86","26,296.12","2,988.33","9,468.44","5,426.10","7,027.74","24,976.97","8,868.60","16,056.76","9,179.28","14,018.02","8,449.91","5,345.36","4,135.56","5,880.28","2,889.75","11,764.18","15,525.69","6,155.25","34,432.86","10,288.98","26,489.99","1,075.95","2,266.67","1,868.89","1,290.54",982.17,835.02,"1,036.49","2,166.64","2,127.26","1,325.87",932.29,911.93,"4,305.82","7,224.90","6,793.12","4,971.07","3,351.18","3,119.29","2,061.32","3,741.30","3,286.44","2,440.69","1,632.65","1,557.42","2,244.50","3,483.60","3,506.68","2,530.37","1,718.53","1,561.88","7,422.29","16,571.24"
South 10-75L,"20,790.67","5,605.87","7,571.81","7,508.84","5,710.02","20,037.50","10,015.36","10,775.31","3,335.27","4,362.08","3,458.75","2,431.94","3,325.56","3,464.35","2,931.94","2,062.98","2,211.82","1,531.64","5,757.50","2,171.99","3,256.05","6,812.98","4,225.86","2,304.12","10,069.03",981.40,"3,767.43","1,909.15","2,708.46","9,221.85","3,458.75","5,757.50","3,537.62","5,185.43","3,308.16","2,202.35","1,406.91","2,477.35","1,154.63","4,697.49","5,641.73","2,352.95","13,192.08","4,221.20","10,622.39",n.a,750.95,655.96,502.23,408.52,340.34,n.a,739.13,715.78,438.62,290.32,424.22,"1,627.55","2,598.31","2,587.12","2,110.37","1,400.44","1,500.81",822.17,"1,368.99","1,339.46","1,058.97",739.05,731.33,805.38,"1,229.32","1,247.65","1,051.40",661.39,769.48,"2,661.12","7,072.56"
South Below 10L Urban,"65,287.07","17,309.24","16,984.69","21,724.54","26,577.84","60,294.03","32,174.21","33,112.85","10,693.44","14,063.01","12,448.81","9,079.24","11,597.08","10,887.27","8,482.33","5,789.82","5,388.32","9,440.94","20,676.32","4,951.71","8,577.95","18,113.67","11,235.37","6,313.78","26,691.61","2,267.65","9,672.92","4,384.51","7,032.33","31,563.58","12,448.81","20,676.32","10,816.96","13,693.69","11,282.60","8,399.61","3,234.85","10,181.16","6,135.03","12,148.42","18,936.32","8,095.47","42,242.05","13,131.47","31,176.35",844.42,"1,780.44","1,454.42","1,149.66",796.76,756.94,731.99,"1,594.86","1,550.11","1,084.61",761.31,773.01,"4,419.97","6,815.40","6,878.29","5,270.13","3,624.56","3,122.93","2,366.64","3,576.32","3,456.01","2,640.59","1,804.23","1,530.01","2,053.33","3,239.08","3,422.28","2,629.54","1,820.33","1,592.92","5,809.59","19,809.74"
South Rural,"152,485.07","40,646.72","24,904.06","51,131.39","76,449.61","136,012.88","75,338.22","77,146.85","26,068.54","34,805.46","29,844.47","21,107.55","26,589.51","23,663.59","19,014.95","13,186.90","14,117.11","24,446.54","47,697.05","7,518.56","17,328.62","35,831.46","23,250.51","13,579.70","53,160.08","3,660.95","17,669.57","6,122.16","12,995.96","71,360.65","29,844.47","47,697.05","23,507.46","26,265.95","26,375.60","21,250.71","4,721.31","26,183.52","16,264.77","22,219.50","43,031.96","18,646.12","95,547.95","30,986.91","69,333.71","1,320.99","2,642.80","2,078.51","1,400.85","1,234.34","1,211.68","1,332.19","2,222.59","2,438.98","1,561.89",903.06,"1,068.92","9,565.51","13,685.00","12,580.95","9,638.55","6,535.12","6,701.70","5,031.46","6,985.85","6,010.11","4,673.61","3,586.81","3,581.28","4,534.05","6,699.15","6,570.84","4,964.94","2,948.31","3,120.42","8,759.96","44,161.04"
West Bengal - Below 75L Urban,"14,627.51","3,536.52","2,544.82","3,694.63","8,388.06","12,674.78","7,584.65","7,042.86","2,523.86","3,240.65","2,515.94","1,799.15","2,600.10","2,511.04","1,955.38","1,294.98","1,226.20","2,729.26","4,399.26",646.59,"1,240.37","2,745.08","1,670.00",913.20,"3,985.45",n.a,"1,432.60",593.33,"1,071.99","6,910.30","2,515.94","4,399.26","2,382.66","2,085.29","2,102.70","2,279.08",426.01,"2,178.18","1,602.73","1,932.67","3,748.15","1,511.85","8,757.95","2,759.97","6,722.07",n.a,n.a,n.a,n.a,n.a,n.a,n.a,n.a,n.a,n.a,n.a,n.a,659.79,"1,010.21","1,075.08",857.59,670.97,725.44,269.87,527.58,544.41,360.61,292.77,309.70,n.a,482.64,530.67,496.98,378.20,415.74,720.22,"4,070.95"
AP / Telangana - Below 75L Urban,"23,605.45","6,338.17","4,469.81","7,175.11","11,960.52","21,034.51","11,643.46","11,961.99","3,804.28","5,039.92","4,822.77","3,587.13","4,461.62","3,967.58","2,871.37","1,879.99","1,797.84","4,534.84","8,048.75","1,387.68","2,611.10","5,655.30","3,513.91","1,959.35","8,266.40",603.73,"2,883.41","1,144.53","2,124.89","12,016.33","4,822.77","8,048.75","3,941.69","4,291.46","4,212.94","3,491.97",842.84,"4,219.03","2,863.42","3,672.35","7,190.08","3,090.21","15,313.78","4,539.07","10,845.21",n.a,499.48,343.36,301.69,n.a,n.a,n.a,465.10,468.98,265.78,n.a,n.a,"1,363.83","2,150.07","2,141.39","1,530.96",977.71,869.85,806.18,"1,107.70","1,017.19",758.52,502.55,420.58,557.65,"1,042.38","1,124.20",772.43,475.16,449.27,"1,576.60","6,816.19"
TN/Pondicherry - Below 75L Urban,"29,763.05","8,464.64","9,482.53","10,140.42","10,140.11","28,274.02","14,536.81","15,226.24","4,639.40","6,073.22","5,204.14","3,770.32","5,048.14","5,154.67","4,184.79","2,862.74","2,669.17","2,995.26","8,818.46","2,831.06","4,135.78","9,407.84","5,823.20","3,153.53","13,543.62","1,255.77","5,061.70","2,520.02","3,713.84","13,973.13","5,204.14","8,818.46","5,111.25","7,152.13","4,934.40","3,444.53","1,857.06","3,948.38","2,050.62","6,345.85","8,460.56","3,562.33","19,251.57","5,829.28","14,885.88",479.63,998.88,858.18,662.96,439.14,371.78,406.84,945.70,895.00,631.52,407.43,376.51,"2,255.71","3,567.49","3,584.64","2,761.21","1,792.02","1,526.09","1,163.59","1,890.56","1,823.28","1,347.86",912.33,745.67,"1,092.12","1,676.93","1,761.36","1,413.35",879.69,780.42,"3,256.46","9,589.96"
NW-U,"222,711.00","48,987.68","87,047.89","67,053.42","68,609.69","210,133.93","116,489.52","106,221.48","41,707.45","53,609.79","45,752.32","33,849.98","41,894.05","36,276.49","26,342.64","16,410.49","14,327.57","26,830.80","75,744.02","26,636.23","35,263.82","74,764.81","48,913.23","28,082.53","110,028.63","14,284.63","35,566.74","20,294.94","25,929.03","112,020.51","45,752.32","75,744.02","35,936.95","53,907.24","42,096.24","23,039.37","14,876.10","31,467.69","17,669.79","45,809.94","70,953.19","31,060.77","155,477.43","50,152.90","103,723.27","4,617.23","7,559.85","7,316.26","5,418.83","3,779.98","3,577.10","6,159.29","8,299.87","7,711.36","5,962.95","3,752.30","3,756.67","20,857.56","28,055.66","25,851.58","19,958.36","12,810.70","11,303.62","9,147.45","13,356.84","12,572.20","9,637.70","6,330.45","5,608.12","11,710.11","14,698.82","13,279.39","10,320.65","6,480.25","5,695.50","28,198.47","62,612.04"
NW-U+R,"500,776.18","109,428.57","148,346.78","161,075.11","191,354.29","459,898.20","260,817.35","239,958.82","107,253.82","138,676.83","105,765.86","74,342.85","88,613.38","76,642.63","55,250.01","34,657.77","32,592.71","67,799.45","162,956.23","44,574.84","81,403.33","144,082.30","95,156.78","57,817.15","225,485.63","24,449.62","66,911.16","33,020.57","49,546.13","239,598.86","105,765.86","162,956.23","74,283.91","103,043.14","94,113.73","56,016.81","24,465.55","81,316.23","47,948.71","86,299.50","149,811.16","65,953.00","346,163.77","126,042.58","216,759.82","7,860.77","12,572.78","11,892.77","8,555.02","6,373.68","6,468.91","10,088.68","14,052.61","12,545.96","9,826.39","5,939.03","6,291.00","41,039.16","54,117.62","48,925.52","37,373.98","23,830.26","22,732.01","18,505.93","25,561.09","23,985.04","17,365.03","12,264.82","11,619.36","22,533.24","28,556.53","24,940.48","20,008.95","11,565.44","11,112.65","48,253.34","130,378.07"
NW-R,"304,138.70","66,017.06","76,357.60","100,331.00","127,450.09","275,349.47","158,135.94","146,002.76","70,502.48","91,359.39","65,037.54","44,180.63","51,741.71","44,871.46","32,052.96","20,127.84","19,804.70","42,711.96","95,922.34","22,698.37","51,018.83","80,029.87","53,210.38","33,527.41","131,048.70","12,568.43","36,338.85","16,322.07","27,304.67","140,793.80","65,037.54","95,922.34","42,816.65","56,970.94","56,869.18","34,814.17","12,289.71","52,469.11","31,510.13","46,994.79","87,392.43","38,473.57","209,777.22","81,990.68","125,850.07","4,093.57","6,382.52","5,907.19","4,032.36","3,163.03","3,377.02","4,982.02","7,240.27","6,289.43","4,922.82","2,809.80","3,050.38","23,058.93","30,151.45","26,819.49","20,175.30","12,654.06","12,810.54","10,689.46","14,119.38","13,185.29","9,034.18","6,719.94","6,682.18","12,369.47","16,032.07","13,634.20","11,141.12","5,934.12","6,128.35","25,141.72","75,334.09"
,,,,,,,,,,,,,,,,,,,,,,,,,,,,,,,,,,,,,,,,,,,,,,,,,,,,,,,,,,,,,,,,,,,,,,,,,,,,,
,,,,,,,,,,,,,,,,,,,,,,,,,,,,,,,,,,,,,,,,,,,,,,,,,,,,,,,,,,,,,,,,,,,,,,,,,,,,,
,,,,,,,,,,,,,,,,,,,,,,,,,,,,,,,,,,,,,,,,,,,,,,,,,,,,,,,,,,,,,,,,,,,,,,,,,,,,,
,,,,,,,,,,,,,,,,,,,,,,,,,,,,,,,,,,,,,,,,,,,,,,,,,,,,,,,,,,,,,,,,,,,,,,,,,,,,,
,,,,,,,,,,,,,,,,,,,,,,,,,,,,,,,,,,,,,,,,,,,,,,,,,,,,,,,,,,,,,,,,,,,,,,,,,,,,,
,,,,,,,,,,,,,,,,,,,,,,,,,,,,,,,,,,,,,,,,,,,,,,,,,,,,,,,,,,,,,,,,,,,,,,,,,,,,,
,,,,,,,,,,,,,,,,,,,,,,,,,,,,,,,,,,,,,,,,,,,,,,,,,,,,,,,,,,,,,,,,,,,,,,,,,,,,,
,,,,,,,,,,,,,,,,,,,,,,,,,,,,,,,,,,,,,,,,,,,,,,,,,,,,,,,,,,,,,,,,,,,,,,,,,,,,,
,,,,,,,,,,,,,,,,,,,,,,,,,,,,,,,,,,,,,,,,,,,,,,,,,,,,,,,,,,,,,,,,,,,,,,,,,,,,,
,,,,,,,,,,,,,,,,,,,,,,,,,,,,,,,,,,,,,,,,,,,,,,,,,,,,,,,,,,,,,,,,,,,,,,,,,,,,,
,,,,,,,,,,,,,,,,,,,,,,,,,,,,,,,,,,,,,,,,,,,,,,,,,,,,,,,,,,,,,,,,,,,,,,,,,,,,,
,,,,,,,,,,,,,,,,,,,,,,,,,,,,,,,,,,,,,,,,,,,,,,,,,,,,,,,,,,,,,,,,,,,,,,,,,,,,,
